Ticket ID,Priority,Status,Subject,Description,Address,Raised At,Closed At,order_id
3P1000,P3,OPEN,Damaged product delivered,Laptop sleeve arrived with torn packaging and visible scratch on product.,Hyderabad,2026-01-12 22:20:34.160042+00:00,,ORD508738
2P1001,P2,CLOSED,Prime exclusive product out of stock after order,Order #9845123 for Prime-exclusive Echo Dot (new color) cancelled by system due to stock unavailability.,Hyderabad,2026-01-31 11:00:34.160042+00:00,2026-02-01 11:00:34.160042+00:00,ORD678411
3P1002,P3,CLOSED,Partial order delivered,"Order had 3 items — only 1 was delivered, no communication about remaining items.",Hyderabad,2026-02-12 07:37:34.160042+00:00,2026-02-12 08:07:34.160042+00:00,ORD349379
3P1003,P3,CLOSED,Delivery agent unreachable for last mile,Agent number +91-98XXXXXX45 not answering calls/WhatsApp since yesterday.,Chennai,2025-12-13 19:28:34.160042+00:00,2025-12-16 19:28:34.160042+00:00,ORD636694
1P1004,P1,OPEN,Critical supply chain failure,Entire lot of high-demand SKU XXXX-5678 has not reached the central warehouse. Expected arrival was 3 days ago. Impacts multiple cities.,Bhopal,2026-02-12 21:09:34.160042+00:00,,ORD179472
3P1005,P3,CLOSED,Standard delivery running late by 4+ days,Order #875421 placed 7 days ago still shows 'out for delivery' status.,Hyderabad,2025-12-16 18:02:34.160042+00:00,2025-12-17 02:02:34.160042+00:00,ORD521641
3P1006,P3,CLOSED,App crashed during payment – money deducted,App closed during Paytm payment flow. Money deducted but cart still active.,Hyderabad,2026-01-28 03:37:34.160042+00:00,2026-01-28 05:37:34.160042+00:00,ORD229820
2P1007,P2,CLOSED,Prime same-day delivery missed,Customer in Bangalore was promised same-day delivery but order is still in 'processing' status at 8 PM.,Hyderabad,2026-01-16 00:28:34.160042+00:00,2026-01-16 01:28:34.160042+00:00,ORD894267
3P1008,P3,CLOSED,Partial order delivered,"Order had 3 items — only 1 was delivered, no communication about remaining items.",Ahmedabad,2026-01-27 00:19:34.160042+00:00,2026-01-27 04:19:34.160042+00:00,ORD575650
3P1009,P3,CLOSED,Damaged product delivered,Laptop sleeve arrived with torn packaging and visible scratch on product.,Hyderabad,2026-02-10 04:16:34.160042+00:00,2026-02-11 04:16:34.160042+00:00,ORD544654
3P1010,P3,OPEN,Delivery agent unreachable for last mile,Agent number +91-98XXXXXX45 not answering calls/WhatsApp since yesterday.,Hyderabad,2026-01-31 09:55:34.160042+00:00,,ORD979335
2P1011,P2,OPEN,Prime exclusive product out of stock after order,Order #9845123 for Prime-exclusive Echo Dot (new color) cancelled by system due to stock unavailability.,Pune,2025-12-29 09:28:34.160042+00:00,,ORD321359
3P1012,P3,OPEN,Damaged product delivered,Laptop sleeve arrived with torn packaging and visible scratch on product.,Bhopal,2026-02-01 09:14:34.160042+00:00,,ORD986141
3P1013,P3,CLOSED,Received completely wrong product,"Ordered Noise ColorFit Pro 5, received boAt Airdopes instead.",Jaipur,2025-11-27 00:52:34.160042+00:00,2025-11-27 01:52:34.160042+00:00,ORD885484
3P1014,P3,OPEN,Delivery agent unreachable for last mile,Agent number +91-98XXXXXX45 not answering calls/WhatsApp since yesterday.,Indore,2025-11-24 15:48:34.160042+00:00,,ORD680787
3P1015,P3,CLOSED,Partial order delivered,"Order had 3 items — only 1 was delivered, no communication about remaining items.",Indore,2026-02-17 06:28:34.160042+00:00,2026-02-17 14:28:34.160042+00:00,ORD555173
2P1016,P2,CLOSED,Priority delivery partner no-show,"Prime Blue Dart slot booked, but delivery agent marked 'not reachable' three times.",Indore,2025-12-21 14:27:34.160042+00:00,2025-12-21 15:27:34.160042+00:00,ORD736621
1P1017,P1,OPEN,Vendor dispatch system outage,Primary vendor's dispatch system crashed — no shipments processed in last 48 hours.,Delhi,2025-12-13 15:57:34.160042+00:00,,ORD464592
3P1018,P3,CLOSED,Partial order delivered,"Order had 3 items — only 1 was delivered, no communication about remaining items.",Bhopal,2025-12-24 08:31:34.160042+00:00,2025-12-24 12:31:34.160042+00:00,ORD852685
3P1019,P3,OPEN,Delivery agent unreachable for last mile,Agent number +91-98XXXXXX45 not answering calls/WhatsApp since yesterday.,Delhi,2026-01-19 11:39:34.160042+00:00,,ORD102496
3P1020,P3,CLOSED,Payment successful but order not confirmed,"₹1,499 deducted via UPI but order status stuck at 'payment pending' for 2 days.",Hyderabad,2025-12-06 13:25:34.160042+00:00,2025-12-07 13:25:34.160042+00:00,ORD620167
2P1021,P2,CLOSED,Prime early access deal item delayed,Item from Prime Early Access sale not shipped even after 72-hour window.,Hyderabad,2026-01-10 11:29:34.160042+00:00,2026-01-10 15:29:34.160042+00:00,ORD927869
3P1022,P3,CLOSED,App crashed during payment – money deducted,App closed during Paytm payment flow. Money deducted but cart still active.,Delhi,2025-12-17 15:40:34.160042+00:00,2025-12-17 23:40:34.160042+00:00,ORD446483
2P1023,P2,OPEN,Priority delivery partner no-show,"Prime Blue Dart slot booked, but delivery agent marked 'not reachable' three times.",Hyderabad,2026-01-16 21:51:34.160042+00:00,,ORD245110
2P1024,P2,OPEN,Refund not credited within 1 business day,Prime member eligible for instant refund — amount deducted but not credited back after 36 hours.,Delhi,2026-02-03 00:58:34.160042+00:00,,ORD803508
2P1025,P2,CLOSED,Prime early access deal item delayed,Item from Prime Early Access sale not shipped even after 72-hour window.,Kolkata,2026-02-09 06:09:34.160042+00:00,2026-02-09 10:09:34.160042+00:00,ORD804766
3P1026,P3,OPEN,Delivery agent unreachable for last mile,Agent number +91-98XXXXXX45 not answering calls/WhatsApp since yesterday.,Bhopal,2025-12-23 22:23:34.160042+00:00,,ORD122676
2P1027,P2,OPEN,Prime exclusive product out of stock after order,Order #9845123 for Prime-exclusive Echo Dot (new color) cancelled by system due to stock unavailability.,Surat,2025-12-19 03:42:34.160042+00:00,,ORD719054
2P1028,P2,OPEN,Prime early access deal item delayed,Item from Prime Early Access sale not shipped even after 72-hour window.,Hyderabad,2026-01-23 15:22:34.160042+00:00,,ORD715016
3P1029,P3,CLOSED,Payment successful but order not confirmed,"₹1,499 deducted via UPI but order status stuck at 'payment pending' for 2 days.",Hyderabad,2025-12-26 17:19:34.160042+00:00,2025-12-29 17:19:34.160042+00:00,ORD750168
2P1030,P2,OPEN,Priority delivery partner no-show,"Prime Blue Dart slot booked, but delivery agent marked 'not reachable' three times.",Hyderabad,2026-01-31 10:39:34.160042+00:00,,ORD289321
2P1031,P2,CLOSED,Prime exclusive product out of stock after order,Order #9845123 for Prime-exclusive Echo Dot (new color) cancelled by system due to stock unavailability.,Bhopal,2025-12-29 03:58:34.160042+00:00,2025-12-29 04:58:34.160042+00:00,ORD219499
3P1032,P3,OPEN,Damaged product delivered,Laptop sleeve arrived with torn packaging and visible scratch on product.,Ahmedabad,2025-12-20 16:50:34.160042+00:00,,ORD381600
3P1033,P3,CLOSED,Damaged product delivered,Laptop sleeve arrived with torn packaging and visible scratch on product.,Hyderabad,2025-12-27 08:40:34.160042+00:00,2025-12-27 10:40:34.160042+00:00,ORD368290
1P1034,P1,CLOSED,Warehouse inventory mismatch – critical SKU,"Physical stock of emergency item XYZ789 is 0, but system shows 450 units.",Bangalore,2026-02-17 14:45:34.160042+00:00,2026-02-20 14:45:34.160042+00:00,ORD641285
2P1035,P2,CLOSED,Prime same-day delivery missed,Customer in Bangalore was promised same-day delivery but order is still in 'processing' status at 8 PM.,Hyderabad,2025-12-04 11:58:34.160042+00:00,2025-12-04 12:58:34.160042+00:00,ORD224131
3P1036,P3,OPEN,Standard delivery running late by 4+ days,Order #875421 placed 7 days ago still shows 'out for delivery' status.,Lucknow,2025-12-30 21:28:34.160042+00:00,,ORD478824
2P1037,P2,CLOSED,Prime exclusive product out of stock after order,Order #9845123 for Prime-exclusive Echo Dot (new color) cancelled by system due to stock unavailability.,Hyderabad,2025-12-09 19:33:34.160042+00:00,2025-12-10 19:33:34.160042+00:00,ORD190189
3P1038,P3,CLOSED,App crashed during payment – money deducted,App closed during Paytm payment flow. Money deducted but cart still active.,Hyderabad,2025-12-23 22:49:34.160042+00:00,2025-12-23 23:49:34.160042+00:00,ORD240371
3P1039,P3,CLOSED,Payment successful but order not confirmed,"₹1,499 deducted via UPI but order status stuck at 'payment pending' for 2 days.",Bhopal,2026-02-07 08:32:34.160042+00:00,2026-02-07 12:32:34.160042+00:00,ORD236344
3P1040,P3,CLOSED,App crashed during payment – money deducted,App closed during Paytm payment flow. Money deducted but cart still active.,Kolkata,2026-01-12 01:14:34.160042+00:00,2026-01-15 01:14:34.160042+00:00,ORD808758
3P1041,P3,CLOSED,App crashed during payment – money deducted,App closed during Paytm payment flow. Money deducted but cart still active.,Indore,2025-11-28 02:25:34.160042+00:00,2025-11-28 03:25:34.160042+00:00,ORD997722
3P1042,P3,OPEN,Partial order delivered,"Order had 3 items — only 1 was delivered, no communication about remaining items.",Bhopal,2025-12-27 07:31:34.160042+00:00,,ORD251881
2P1043,P2,CLOSED,Prime exclusive product out of stock after order,Order #9845123 for Prime-exclusive Echo Dot (new color) cancelled by system due to stock unavailability.,Hyderabad,2025-11-28 03:57:34.160042+00:00,2025-11-28 05:57:34.160042+00:00,ORD661306
3P1044,P3,CLOSED,Delivery agent unreachable for last mile,Agent number +91-98XXXXXX45 not answering calls/WhatsApp since yesterday.,Hyderabad,2025-12-24 02:00:34.160042+00:00,2025-12-27 02:00:34.160042+00:00,ORD540658
3P1045,P3,OPEN,Received completely wrong product,"Ordered Noise ColorFit Pro 5, received boAt Airdopes instead.",Hyderabad,2026-02-02 21:29:34.160042+00:00,,ORD392596
3P1046,P3,OPEN,Received completely wrong product,"Ordered Noise ColorFit Pro 5, received boAt Airdopes instead.",Hyderabad,2025-11-30 18:34:34.160042+00:00,,ORD474677
3P1047,P3,OPEN,Partial order delivered,"Order had 3 items — only 1 was delivered, no communication about remaining items.",Hyderabad,2026-01-27 04:33:34.160042+00:00,,ORD871937
3P1048,P3,OPEN,Damaged product delivered,Laptop sleeve arrived with torn packaging and visible scratch on product.,Hyderabad,2025-12-03 10:28:34.160042+00:00,,ORD864990
1P1049,P1,CLOSED,Vendor dispatch system outage,Primary vendor's dispatch system crashed — no shipments processed in last 48 hours.,Bangalore,2025-12-27 21:26:34.160042+00:00,2025-12-27 21:56:34.160042+00:00,ORD378755
3P1050,P3,OPEN,Standard delivery running late by 4+ days,Order #875421 placed 7 days ago still shows 'out for delivery' status.,Hyderabad,2026-01-08 07:37:34.160042+00:00,,ORD117476
3P1051,P3,CLOSED,Partial order delivered,"Order had 3 items — only 1 was delivered, no communication about remaining items.",Chennai,2026-01-01 21:36:34.160042+00:00,2026-01-01 23:36:34.160042+00:00,ORD950579
2P1052,P2,CLOSED,Prime early access deal item delayed,Item from Prime Early Access sale not shipped even after 72-hour window.,Surat,2025-11-29 19:04:34.160042+00:00,2025-11-29 20:04:34.160042+00:00,ORD186492
2P1053,P2,OPEN,Prime same-day delivery missed,Customer in Bangalore was promised same-day delivery but order is still in 'processing' status at 8 PM.,Bhopal,2026-01-26 02:50:34.160042+00:00,,ORD581937
3P1054,P3,OPEN,Standard delivery running late by 4+ days,Order #875421 placed 7 days ago still shows 'out for delivery' status.,Pune,2025-12-23 10:04:34.160042+00:00,,ORD435499
3P1055,P3,CLOSED,Standard delivery running late by 4+ days,Order #875421 placed 7 days ago still shows 'out for delivery' status.,Hyderabad,2025-12-04 07:28:34.160042+00:00,2025-12-04 09:28:34.160042+00:00,ORD947292
3P1056,P3,CLOSED,Received completely wrong product,"Ordered Noise ColorFit Pro 5, received boAt Airdopes instead.",Pune,2026-01-12 01:01:34.160042+00:00,2026-01-12 03:01:34.160042+00:00,ORD936967
2P1057,P2,CLOSED,Priority delivery partner no-show,"Prime Blue Dart slot booked, but delivery agent marked 'not reachable' three times.",Jaipur,2025-12-31 18:54:34.160042+00:00,2025-12-31 19:54:34.160042+00:00,ORD741846
2P1058,P2,CLOSED,Refund not credited within 1 business day,Prime member eligible for instant refund — amount deducted but not credited back after 36 hours.,Hyderabad,2026-01-19 18:35:34.160042+00:00,2026-01-19 20:35:34.160042+00:00,ORD736241
2P1059,P2,CLOSED,Prime early access deal item delayed,Item from Prime Early Access sale not shipped even after 72-hour window.,Hyderabad,2026-01-09 20:13:34.160042+00:00,2026-01-09 21:13:34.160042+00:00,ORD661751
2P1060,P2,OPEN,Prime same-day delivery missed,Customer in Bangalore was promised same-day delivery but order is still in 'processing' status at 8 PM.,Pune,2026-01-13 17:44:34.160042+00:00,,ORD210812
2P1061,P2,CLOSED,Prime exclusive product out of stock after order,Order #9845123 for Prime-exclusive Echo Dot (new color) cancelled by system due to stock unavailability.,Hyderabad,2025-12-25 15:06:34.160042+00:00,2025-12-25 16:06:34.160042+00:00,ORD215739
3P1062,P3,CLOSED,Damaged product delivered,Laptop sleeve arrived with torn packaging and visible scratch on product.,Indore,2026-01-19 17:10:34.160042+00:00,2026-01-19 19:10:34.160042+00:00,ORD445008
3P1063,P3,CLOSED,Damaged product delivered,Laptop sleeve arrived with torn packaging and visible scratch on product.,Surat,2026-02-15 00:22:34.160042+00:00,2026-02-15 04:22:34.160042+00:00,ORD654737
3P1064,P3,CLOSED,Payment successful but order not confirmed,"₹1,499 deducted via UPI but order status stuck at 'payment pending' for 2 days.",Mumbai,2026-01-09 19:35:34.160042+00:00,2026-01-12 19:35:34.160042+00:00,ORD837791
1P1065,P1,CLOSED,Warehouse inventory mismatch – critical SKU,"Physical stock of emergency item XYZ789 is 0, but system shows 450 units.",Hyderabad,2025-11-25 09:26:34.160042+00:00,2025-11-25 13:26:34.160042+00:00,ORD373874
3P1066,P3,CLOSED,Damaged product delivered,Laptop sleeve arrived with torn packaging and visible scratch on product.,Pune,2026-01-26 19:34:34.160042+00:00,2026-01-28 19:34:34.160042+00:00,ORD656344
3P1067,P3,OPEN,Delivery agent unreachable for last mile,Agent number +91-98XXXXXX45 not answering calls/WhatsApp since yesterday.,Bhopal,2025-12-13 18:08:34.160042+00:00,,ORD412186
3P1068,P3,OPEN,App crashed during payment – money deducted,App closed during Paytm payment flow. Money deducted but cart still active.,Indore,2025-12-20 20:33:34.160042+00:00,,ORD390947
2P1069,P2,OPEN,Refund not credited within 1 business day,Prime member eligible for instant refund — amount deducted but not credited back after 36 hours.,Chandigarh,2025-12-17 09:05:34.160042+00:00,,ORD809812
3P1070,P3,OPEN,Damaged product delivered,Laptop sleeve arrived with torn packaging and visible scratch on product.,Hyderabad,2026-01-14 01:39:34.160042+00:00,,ORD833216
3P1071,P3,CLOSED,App crashed during payment – money deducted,App closed during Paytm payment flow. Money deducted but cart still active.,Patna,2026-01-25 13:28:34.160042+00:00,2026-01-25 14:28:34.160042+00:00,ORD890593
3P1072,P3,CLOSED,Standard delivery running late by 4+ days,Order #875421 placed 7 days ago still shows 'out for delivery' status.,Ahmedabad,2026-01-11 23:55:34.160042+00:00,2026-01-12 00:55:34.160042+00:00,ORD591529
2P1073,P2,CLOSED,Refund not credited within 1 business day,Prime member eligible for instant refund — amount deducted but not credited back after 36 hours.,Hyderabad,2025-11-27 09:00:34.160042+00:00,2025-11-27 17:00:34.160042+00:00,ORD957371
1P1074,P1,CLOSED,Warehouse inventory mismatch – critical SKU,"Physical stock of emergency item XYZ789 is 0, but system shows 450 units.",Hyderabad,2025-12-02 18:45:34.160042+00:00,2025-12-03 02:45:34.160042+00:00,ORD580406
3P1075,P3,CLOSED,Delivery agent unreachable for last mile,Agent number +91-98XXXXXX45 not answering calls/WhatsApp since yesterday.,Bangalore,2026-01-18 21:49:34.160042+00:00,2026-02-01 21:49:34.160042+00:00,ORD973967
1P1076,P1,CLOSED,Warehouse inventory mismatch – critical SKU,"Physical stock of emergency item XYZ789 is 0, but system shows 450 units.",Hyderabad,2026-01-14 01:28:34.160042+00:00,2026-01-21 01:28:34.160042+00:00,ORD483427
3P1077,P3,CLOSED,Payment successful but order not confirmed,"₹1,499 deducted via UPI but order status stuck at 'payment pending' for 2 days.",Lucknow,2025-12-26 19:44:34.160042+00:00,2025-12-29 19:44:34.160042+00:00,ORD608382
3P1078,P3,CLOSED,Damaged product delivered,Laptop sleeve arrived with torn packaging and visible scratch on product.,Jaipur,2025-12-25 18:03:34.160042+00:00,2025-12-25 22:03:34.160042+00:00,ORD959722
1P1079,P1,OPEN,Vendor dispatch system outage,Primary vendor's dispatch system crashed — no shipments processed in last 48 hours.,Kolkata,2026-02-09 09:18:34.160042+00:00,,ORD876618
3P1080,P3,CLOSED,Received completely wrong product,"Ordered Noise ColorFit Pro 5, received boAt Airdopes instead.",Bangalore,2026-01-29 04:31:34.160042+00:00,2026-01-29 08:31:34.160042+00:00,ORD376500
3P1081,P3,CLOSED,Delivery agent unreachable for last mile,Agent number +91-98XXXXXX45 not answering calls/WhatsApp since yesterday.,Indore,2025-12-09 01:19:34.160042+00:00,2025-12-09 03:19:34.160042+00:00,ORD993997
1P1082,P1,CLOSED,Critical supply chain failure,Entire lot of high-demand SKU XXXX-5678 has not reached the central warehouse. Expected arrival was 3 days ago. Impacts multiple cities.,Hyderabad,2026-02-09 19:28:34.160042+00:00,2026-02-09 23:28:34.160042+00:00,ORD675120
1P1083,P1,CLOSED,Bulk shipment stuck at customs,"Container with 12,000 units delayed at Nhava Sheva port due to documentation mismatch.",Hyderabad,2025-12-29 17:25:34.160042+00:00,2025-12-29 21:25:34.160042+00:00,ORD775261
3P1084,P3,OPEN,Partial order delivered,"Order had 3 items — only 1 was delivered, no communication about remaining items.",Lucknow,2026-01-09 13:08:34.160042+00:00,,ORD554908
1P1085,P1,CLOSED,Critical supply chain failure,Entire lot of high-demand SKU XXXX-5678 has not reached the central warehouse. Expected arrival was 3 days ago. Impacts multiple cities.,Hyderabad,2026-02-14 06:56:34.160042+00:00,2026-02-14 14:56:34.160042+00:00,ORD424447
2P1086,P2,OPEN,Priority delivery partner no-show,"Prime Blue Dart slot booked, but delivery agent marked 'not reachable' three times.",Hyderabad,2026-01-18 15:22:34.160042+00:00,,ORD797935
3P1087,P3,CLOSED,Partial order delivered,"Order had 3 items — only 1 was delivered, no communication about remaining items.",Hyderabad,2026-02-08 19:18:34.160042+00:00,2026-02-08 23:18:34.160042+00:00,ORD594928
3P1088,P3,OPEN,App crashed during payment – money deducted,App closed during Paytm payment flow. Money deducted but cart still active.,Ahmedabad,2026-02-13 12:04:34.160042+00:00,,ORD593910
2P1089,P2,CLOSED,Prime early access deal item delayed,Item from Prime Early Access sale not shipped even after 72-hour window.,Hyderabad,2025-11-27 06:43:34.160042+00:00,2025-11-27 07:43:34.160042+00:00,ORD974863
2P1090,P2,CLOSED,Prime same-day delivery missed,Customer in Bangalore was promised same-day delivery but order is still in 'processing' status at 8 PM.,Hyderabad,2026-01-08 16:22:34.160042+00:00,2026-01-08 20:22:34.160042+00:00,ORD724081
3P1091,P3,OPEN,Delivery agent unreachable for last mile,Agent number +91-98XXXXXX45 not answering calls/WhatsApp since yesterday.,Bhopal,2026-01-28 01:55:34.160042+00:00,,ORD694751
1P1092,P1,OPEN,Bulk shipment stuck at customs,"Container with 12,000 units delayed at Nhava Sheva port due to documentation mismatch.",Hyderabad,2025-12-10 11:25:34.160042+00:00,,ORD279038
3P1093,P3,CLOSED,Received completely wrong product,"Ordered Noise ColorFit Pro 5, received boAt Airdopes instead.",Mumbai,2026-01-24 08:59:34.160042+00:00,2026-01-24 16:59:34.160042+00:00,ORD481659
2P1094,P2,CLOSED,Prime exclusive product out of stock after order,Order #9845123 for Prime-exclusive Echo Dot (new color) cancelled by system due to stock unavailability.,Hyderabad,2025-12-29 04:09:34.160042+00:00,2025-12-29 12:09:34.160042+00:00,ORD525317
3P1095,P3,OPEN,Damaged product delivered,Laptop sleeve arrived with torn packaging and visible scratch on product.,Hyderabad,2025-12-08 23:34:34.160042+00:00,,ORD799772
1P1096,P1,OPEN,Supplier stock-out on critical item,Vendor confirmed zero stock for product ABC123 (fast-moving category). No ETA available.,Surat,2025-12-02 14:31:34.160042+00:00,,ORD985187
3P1097,P3,OPEN,Standard delivery running late by 4+ days,Order #875421 placed 7 days ago still shows 'out for delivery' status.,Lucknow,2026-01-21 10:07:34.160042+00:00,,ORD985144
3P1098,P3,CLOSED,Payment successful but order not confirmed,"₹1,499 deducted via UPI but order status stuck at 'payment pending' for 2 days.",Chennai,2026-02-17 17:05:34.160042+00:00,2026-02-18 17:05:34.160042+00:00,ORD771460
3P1099,P3,OPEN,Partial order delivered,"Order had 3 items — only 1 was delivered, no communication about remaining items.",Patna,2025-12-24 06:30:34.160042+00:00,,ORD221918
3P1100,P3,OPEN,Delivery agent unreachable for last mile,Agent number +91-98XXXXXX45 not answering calls/WhatsApp since yesterday.,Hyderabad,2026-01-31 21:46:34.160042+00:00,,ORD737851
3P1101,P3,OPEN,App crashed during payment – money deducted,App closed during Paytm payment flow. Money deducted but cart still active.,Hyderabad,2025-12-22 03:17:34.160042+00:00,,ORD255933
3P1102,P3,OPEN,Standard delivery running late by 4+ days,Order #875421 placed 7 days ago still shows 'out for delivery' status.,Chennai,2026-02-13 22:23:34.160042+00:00,,ORD996498
3P1103,P3,OPEN,Delivery agent unreachable for last mile,Agent number +91-98XXXXXX45 not answering calls/WhatsApp since yesterday.,Pune,2025-12-02 13:02:34.160042+00:00,,ORD178739
2P1104,P2,CLOSED,Prime same-day delivery missed,Customer in Bangalore was promised same-day delivery but order is still in 'processing' status at 8 PM.,Kolkata,2025-12-01 12:28:34.160042+00:00,2025-12-01 16:28:34.160042+00:00,ORD302755
2P1105,P2,CLOSED,Refund not credited within 1 business day,Prime member eligible for instant refund — amount deducted but not credited back after 36 hours.,Hyderabad,2026-01-02 04:13:34.160042+00:00,2026-01-02 05:13:34.160042+00:00,ORD550360
3P1106,P3,OPEN,Standard delivery running late by 4+ days,Order #875421 placed 7 days ago still shows 'out for delivery' status.,Hyderabad,2026-02-17 02:56:34.160042+00:00,,ORD358790
1P1107,P1,OPEN,Critical supply chain failure,Entire lot of high-demand SKU XXXX-5678 has not reached the central warehouse. Expected arrival was 3 days ago. Impacts multiple cities.,Hyderabad,2026-02-05 16:06:34.160042+00:00,,ORD276196
3P1108,P3,CLOSED,Partial order delivered,"Order had 3 items — only 1 was delivered, no communication about remaining items.",Hyderabad,2026-02-06 21:05:34.160042+00:00,2026-02-06 22:05:34.160042+00:00,ORD214246
3P1109,P3,CLOSED,Received completely wrong product,"Ordered Noise ColorFit Pro 5, received boAt Airdopes instead.",Hyderabad,2025-12-17 11:01:34.160042+00:00,2025-12-18 11:01:34.160042+00:00,ORD554403
3P1110,P3,CLOSED,Partial order delivered,"Order had 3 items — only 1 was delivered, no communication about remaining items.",Chennai,2026-02-13 03:30:34.160042+00:00,2026-02-13 11:30:34.160042+00:00,ORD707584
3P1111,P3,CLOSED,Received completely wrong product,"Ordered Noise ColorFit Pro 5, received boAt Airdopes instead.",Patna,2026-02-18 07:41:34.160042+00:00,2026-02-18 11:41:34.160042+00:00,ORD900919
3P1112,P3,CLOSED,Standard delivery running late by 4+ days,Order #875421 placed 7 days ago still shows 'out for delivery' status.,Bhopal,2026-01-10 06:12:34.160042+00:00,2026-01-10 08:12:34.160042+00:00,ORD161941
3P1113,P3,OPEN,App crashed during payment – money deducted,App closed during Paytm payment flow. Money deducted but cart still active.,Hyderabad,2026-01-17 08:23:34.160042+00:00,,ORD943519
2P1114,P2,CLOSED,Priority delivery partner no-show,"Prime Blue Dart slot booked, but delivery agent marked 'not reachable' three times.",Surat,2026-01-29 04:08:34.160042+00:00,2026-01-29 06:08:34.160042+00:00,ORD409345
3P1115,P3,CLOSED,Received completely wrong product,"Ordered Noise ColorFit Pro 5, received boAt Airdopes instead.",Hyderabad,2025-12-14 05:39:34.160042+00:00,2025-12-14 07:39:34.160042+00:00,ORD348617
3P1116,P3,CLOSED,Damaged product delivered,Laptop sleeve arrived with torn packaging and visible scratch on product.,Hyderabad,2025-12-26 18:23:34.160042+00:00,2025-12-26 22:23:34.160042+00:00,ORD988529
3P1117,P3,CLOSED,Received completely wrong product,"Ordered Noise ColorFit Pro 5, received boAt Airdopes instead.",Mumbai,2026-02-11 10:58:34.160042+00:00,2026-02-11 12:58:34.160042+00:00,ORD603318
2P1118,P2,OPEN,Prime exclusive product out of stock after order,Order #9845123 for Prime-exclusive Echo Dot (new color) cancelled by system due to stock unavailability.,Mumbai,2026-01-30 00:16:34.160042+00:00,,ORD155451
2P1119,P2,OPEN,Prime same-day delivery missed,Customer in Bangalore was promised same-day delivery but order is still in 'processing' status at 8 PM.,Hyderabad,2025-12-05 00:57:34.160042+00:00,,ORD740118
2P1120,P2,CLOSED,Prime exclusive product out of stock after order,Order #9845123 for Prime-exclusive Echo Dot (new color) cancelled by system due to stock unavailability.,Hyderabad,2025-11-28 12:36:34.160042+00:00,2025-11-28 14:36:34.160042+00:00,ORD454353
2P1121,P2,CLOSED,Priority delivery partner no-show,"Prime Blue Dart slot booked, but delivery agent marked 'not reachable' three times.",Hyderabad,2025-12-06 12:21:34.160042+00:00,2025-12-06 14:21:34.160042+00:00,ORD351355
3P1122,P3,OPEN,Delivery agent unreachable for last mile,Agent number +91-98XXXXXX45 not answering calls/WhatsApp since yesterday.,Bangalore,2025-12-03 18:30:34.160042+00:00,,ORD640843
2P1123,P2,CLOSED,Prime exclusive product out of stock after order,Order #9845123 for Prime-exclusive Echo Dot (new color) cancelled by system due to stock unavailability.,Jaipur,2025-12-07 04:01:34.160042+00:00,2025-12-07 04:31:34.160042+00:00,ORD737778
1P1124,P1,CLOSED,Critical supply chain failure,Entire lot of high-demand SKU XXXX-5678 has not reached the central warehouse. Expected arrival was 3 days ago. Impacts multiple cities.,Hyderabad,2025-12-14 14:16:34.160042+00:00,2025-12-14 14:46:34.160042+00:00,ORD134684
2P1125,P2,CLOSED,Prime early access deal item delayed,Item from Prime Early Access sale not shipped even after 72-hour window.,Hyderabad,2025-12-12 15:04:34.160042+00:00,2025-12-15 15:04:34.160042+00:00,ORD721095
3P1126,P3,OPEN,App crashed during payment – money deducted,App closed during Paytm payment flow. Money deducted but cart still active.,Hyderabad,2025-11-25 14:25:34.160042+00:00,,ORD469847
3P1127,P3,CLOSED,Received completely wrong product,"Ordered Noise ColorFit Pro 5, received boAt Airdopes instead.",Surat,2025-12-02 19:19:34.160042+00:00,2025-12-03 03:19:34.160042+00:00,ORD769203
3P1128,P3,CLOSED,Received completely wrong product,"Ordered Noise ColorFit Pro 5, received boAt Airdopes instead.",Bhopal,2026-01-24 14:52:34.160042+00:00,2026-01-24 22:52:34.160042+00:00,ORD472736
3P1129,P3,OPEN,App crashed during payment – money deducted,App closed during Paytm payment flow. Money deducted but cart still active.,Surat,2026-02-16 08:03:34.160042+00:00,,ORD370433
3P1130,P3,CLOSED,Payment successful but order not confirmed,"₹1,499 deducted via UPI but order status stuck at 'payment pending' for 2 days.",Kolkata,2025-12-18 08:27:34.160042+00:00,2025-12-20 08:27:34.160042+00:00,ORD268325
3P1131,P3,CLOSED,App crashed during payment – money deducted,App closed during Paytm payment flow. Money deducted but cart still active.,Hyderabad,2026-01-30 08:14:34.160042+00:00,2026-01-30 08:44:34.160042+00:00,ORD720827
2P1132,P2,OPEN,Prime exclusive product out of stock after order,Order #9845123 for Prime-exclusive Echo Dot (new color) cancelled by system due to stock unavailability.,Lucknow,2025-11-27 06:35:34.160042+00:00,,ORD256106
2P1133,P2,OPEN,Prime early access deal item delayed,Item from Prime Early Access sale not shipped even after 72-hour window.,Chennai,2025-11-26 20:35:34.160042+00:00,,ORD759551
3P1134,P3,OPEN,Payment successful but order not confirmed,"₹1,499 deducted via UPI but order status stuck at 'payment pending' for 2 days.",Delhi,2026-01-17 17:42:34.160042+00:00,,ORD481572
3P1135,P3,CLOSED,Received completely wrong product,"Ordered Noise ColorFit Pro 5, received boAt Airdopes instead.",Hyderabad,2025-11-26 06:15:34.160042+00:00,2025-11-26 07:15:34.160042+00:00,ORD807963
2P1136,P2,CLOSED,Prime early access deal item delayed,Item from Prime Early Access sale not shipped even after 72-hour window.,Surat,2025-12-15 08:42:34.160042+00:00,2025-12-20 08:42:34.160042+00:00,ORD299724
3P1137,P3,CLOSED,Received completely wrong product,"Ordered Noise ColorFit Pro 5, received boAt Airdopes instead.",Hyderabad,2025-12-29 17:12:34.160042+00:00,2025-12-29 18:12:34.160042+00:00,ORD462638
2P1138,P2,CLOSED,Prime exclusive product out of stock after order,Order #9845123 for Prime-exclusive Echo Dot (new color) cancelled by system due to stock unavailability.,Delhi,2026-01-14 07:31:34.160042+00:00,2026-01-14 08:31:34.160042+00:00,ORD884051
3P1139,P3,OPEN,Received completely wrong product,"Ordered Noise ColorFit Pro 5, received boAt Airdopes instead.",Jaipur,2026-01-03 10:05:34.160042+00:00,,ORD595287
3P1140,P3,OPEN,Damaged product delivered,Laptop sleeve arrived with torn packaging and visible scratch on product.,Hyderabad,2025-12-17 12:09:34.160042+00:00,,ORD505964
3P1141,P3,OPEN,App crashed during payment – money deducted,App closed during Paytm payment flow. Money deducted but cart still active.,Lucknow,2025-12-26 12:41:34.160042+00:00,,ORD799130
2P1142,P2,CLOSED,Prime exclusive product out of stock after order,Order #9845123 for Prime-exclusive Echo Dot (new color) cancelled by system due to stock unavailability.,Patna,2025-11-29 15:35:34.160042+00:00,2025-11-30 15:35:34.160042+00:00,ORD460769
3P1143,P3,OPEN,App crashed during payment – money deducted,App closed during Paytm payment flow. Money deducted but cart still active.,Bangalore,2026-01-22 15:00:34.160042+00:00,,ORD632424
1P1144,P1,OPEN,Critical supply chain failure,Entire lot of high-demand SKU XXXX-5678 has not reached the central warehouse. Expected arrival was 3 days ago. Impacts multiple cities.,Delhi,2025-12-12 14:57:34.160042+00:00,,ORD776468
3P1145,P3,CLOSED,Damaged product delivered,Laptop sleeve arrived with torn packaging and visible scratch on product.,Mumbai,2025-12-02 14:54:34.160042+00:00,2025-12-02 22:54:34.160042+00:00,ORD305327
3P1146,P3,CLOSED,Partial order delivered,"Order had 3 items — only 1 was delivered, no communication about remaining items.",Jaipur,2026-02-12 10:25:34.160042+00:00,2026-02-12 12:25:34.160042+00:00,ORD571921
1P1147,P1,CLOSED,Vendor dispatch system outage,Primary vendor's dispatch system crashed — no shipments processed in last 48 hours.,Chandigarh,2025-12-06 10:00:34.160042+00:00,2025-12-06 12:00:34.160042+00:00,ORD312123
3P1148,P3,CLOSED,Delivery agent unreachable for last mile,Agent number +91-98XXXXXX45 not answering calls/WhatsApp since yesterday.,Patna,2026-01-31 22:39:34.160042+00:00,2026-02-01 00:39:34.160042+00:00,ORD845956
3P1149,P3,CLOSED,App crashed during payment – money deducted,App closed during Paytm payment flow. Money deducted but cart still active.,Chandigarh,2025-12-24 17:35:34.160042+00:00,2025-12-26 17:35:34.160042+00:00,ORD506104
2P1150,P2,OPEN,Priority delivery partner no-show,"Prime Blue Dart slot booked, but delivery agent marked 'not reachable' three times.",Patna,2026-01-10 18:22:34.160042+00:00,,ORD659509
1P1151,P1,CLOSED,Supplier stock-out on critical item,Vendor confirmed zero stock for product ABC123 (fast-moving category). No ETA available.,Hyderabad,2026-01-24 20:53:34.160042+00:00,2026-01-24 21:53:34.160042+00:00,ORD235190
1P1152,P1,OPEN,Bulk shipment stuck at customs,"Container with 12,000 units delayed at Nhava Sheva port due to documentation mismatch.",Hyderabad,2026-02-15 10:12:34.160042+00:00,,ORD897782
2P1153,P2,OPEN,Prime same-day delivery missed,Customer in Bangalore was promised same-day delivery but order is still in 'processing' status at 8 PM.,Chennai,2026-01-08 01:17:34.160042+00:00,,ORD215705
2P1154,P2,CLOSED,Priority delivery partner no-show,"Prime Blue Dart slot booked, but delivery agent marked 'not reachable' three times.",Hyderabad,2026-01-17 01:26:34.160042+00:00,2026-01-17 09:26:34.160042+00:00,ORD454750
3P1155,P3,CLOSED,Standard delivery running late by 4+ days,Order #875421 placed 7 days ago still shows 'out for delivery' status.,Chandigarh,2026-01-07 07:05:34.160042+00:00,2026-01-07 09:05:34.160042+00:00,ORD961994
3P1156,P3,OPEN,Partial order delivered,"Order had 3 items — only 1 was delivered, no communication about remaining items.",Hyderabad,2026-02-13 13:09:34.160042+00:00,,ORD970373
3P1157,P3,OPEN,Standard delivery running late by 4+ days,Order #875421 placed 7 days ago still shows 'out for delivery' status.,Jaipur,2026-01-03 04:10:34.160042+00:00,,ORD329228
3P1158,P3,CLOSED,App crashed during payment – money deducted,App closed during Paytm payment flow. Money deducted but cart still active.,Bangalore,2026-01-19 04:55:34.160042+00:00,2026-01-21 04:55:34.160042+00:00,ORD777872
3P1159,P3,CLOSED,Delivery agent unreachable for last mile,Agent number +91-98XXXXXX45 not answering calls/WhatsApp since yesterday.,Hyderabad,2026-01-26 18:44:34.160042+00:00,2026-01-26 20:44:34.160042+00:00,ORD729052
3P1160,P3,CLOSED,App crashed during payment – money deducted,App closed during Paytm payment flow. Money deducted but cart still active.,Hyderabad,2025-12-03 20:43:34.160042+00:00,2025-12-04 04:43:34.160042+00:00,ORD315767
2P1161,P2,OPEN,Priority delivery partner no-show,"Prime Blue Dart slot booked, but delivery agent marked 'not reachable' three times.",Hyderabad,2026-01-21 11:44:34.160042+00:00,,ORD339205
3P1162,P3,OPEN,Standard delivery running late by 4+ days,Order #875421 placed 7 days ago still shows 'out for delivery' status.,Hyderabad,2026-01-08 07:38:34.160042+00:00,,ORD829664
2P1163,P2,CLOSED,Prime same-day delivery missed,Customer in Bangalore was promised same-day delivery but order is still in 'processing' status at 8 PM.,Chennai,2025-12-26 18:32:34.160042+00:00,2025-12-26 19:32:34.160042+00:00,ORD645373
3P1164,P3,CLOSED,Payment successful but order not confirmed,"₹1,499 deducted via UPI but order status stuck at 'payment pending' for 2 days.",Patna,2025-11-27 15:10:34.160042+00:00,2025-11-27 19:10:34.160042+00:00,ORD330863
3P1165,P3,CLOSED,Payment successful but order not confirmed,"₹1,499 deducted via UPI but order status stuck at 'payment pending' for 2 days.",Jaipur,2025-11-30 20:22:34.160042+00:00,2025-12-01 04:22:34.160042+00:00,ORD868990
3P1166,P3,OPEN,Received completely wrong product,"Ordered Noise ColorFit Pro 5, received boAt Airdopes instead.",Hyderabad,2025-12-10 07:35:34.160042+00:00,,ORD475802
3P1167,P3,CLOSED,Damaged product delivered,Laptop sleeve arrived with torn packaging and visible scratch on product.,Hyderabad,2025-12-13 16:47:34.160042+00:00,2025-12-15 16:47:34.160042+00:00,ORD974001
1P1168,P1,OPEN,Warehouse inventory mismatch – critical SKU,"Physical stock of emergency item XYZ789 is 0, but system shows 450 units.",Surat,2026-02-15 17:47:34.160042+00:00,,ORD521635
2P1169,P2,OPEN,Prime same-day delivery missed,Customer in Bangalore was promised same-day delivery but order is still in 'processing' status at 8 PM.,Hyderabad,2026-02-14 02:49:34.160042+00:00,,ORD233472
3P1170,P3,OPEN,Damaged product delivered,Laptop sleeve arrived with torn packaging and visible scratch on product.,Hyderabad,2025-12-01 03:10:34.160042+00:00,,ORD825286
3P1171,P3,OPEN,Received completely wrong product,"Ordered Noise ColorFit Pro 5, received boAt Airdopes instead.",Kolkata,2026-02-17 04:49:34.160042+00:00,,ORD561127
3P1172,P3,OPEN,Received completely wrong product,"Ordered Noise ColorFit Pro 5, received boAt Airdopes instead.",Patna,2026-02-08 21:16:34.160042+00:00,,ORD831303
2P1173,P2,OPEN,Prime exclusive product out of stock after order,Order #9845123 for Prime-exclusive Echo Dot (new color) cancelled by system due to stock unavailability.,Hyderabad,2025-12-21 12:47:34.160042+00:00,,ORD203795
3P1174,P3,CLOSED,Standard delivery running late by 4+ days,Order #875421 placed 7 days ago still shows 'out for delivery' status.,Jaipur,2026-01-23 19:18:34.160042+00:00,2026-01-23 19:48:34.160042+00:00,ORD786967
3P1175,P3,CLOSED,Partial order delivered,"Order had 3 items — only 1 was delivered, no communication about remaining items.",Mumbai,2026-01-19 12:31:34.160042+00:00,2026-01-19 13:01:34.160042+00:00,ORD112638
3P1176,P3,CLOSED,Damaged product delivered,Laptop sleeve arrived with torn packaging and visible scratch on product.,Hyderabad,2025-12-23 03:17:34.160042+00:00,2025-12-23 03:47:34.160042+00:00,ORD958821
3P1177,P3,CLOSED,Standard delivery running late by 4+ days,Order #875421 placed 7 days ago still shows 'out for delivery' status.,Hyderabad,2026-02-14 09:12:34.160042+00:00,2026-02-14 09:42:34.160042+00:00,ORD186827
3P1178,P3,CLOSED,Partial order delivered,"Order had 3 items — only 1 was delivered, no communication about remaining items.",Indore,2026-02-06 08:43:34.160042+00:00,2026-02-09 08:43:34.160042+00:00,ORD533389
3P1179,P3,CLOSED,Delivery agent unreachable for last mile,Agent number +91-98XXXXXX45 not answering calls/WhatsApp since yesterday.,Indore,2026-01-09 12:20:34.160042+00:00,2026-01-09 13:20:34.160042+00:00,ORD867273
3P1180,P3,CLOSED,Received completely wrong product,"Ordered Noise ColorFit Pro 5, received boAt Airdopes instead.",Bhopal,2026-02-04 21:01:34.160042+00:00,2026-02-04 23:01:34.160042+00:00,ORD271775
2P1181,P2,CLOSED,Prime exclusive product out of stock after order,Order #9845123 for Prime-exclusive Echo Dot (new color) cancelled by system due to stock unavailability.,Hyderabad,2025-12-25 15:02:34.160042+00:00,2025-12-27 15:02:34.160042+00:00,ORD777309
3P1182,P3,OPEN,Received completely wrong product,"Ordered Noise ColorFit Pro 5, received boAt Airdopes instead.",Patna,2025-12-06 11:02:34.160042+00:00,,ORD469082
2P1183,P2,CLOSED,Priority delivery partner no-show,"Prime Blue Dart slot booked, but delivery agent marked 'not reachable' three times.",Ahmedabad,2025-11-29 14:50:34.160042+00:00,2025-11-29 22:50:34.160042+00:00,ORD891921
3P1184,P3,CLOSED,Partial order delivered,"Order had 3 items — only 1 was delivered, no communication about remaining items.",Jaipur,2026-01-01 12:51:34.160042+00:00,2026-01-01 13:51:34.160042+00:00,ORD733701
3P1185,P3,CLOSED,Damaged product delivered,Laptop sleeve arrived with torn packaging and visible scratch on product.,Hyderabad,2025-12-17 00:16:34.160042+00:00,2025-12-17 04:16:34.160042+00:00,ORD115216
1P1186,P1,CLOSED,Supplier stock-out on critical item,Vendor confirmed zero stock for product ABC123 (fast-moving category). No ETA available.,Chennai,2025-12-19 15:39:34.160042+00:00,2025-12-19 17:39:34.160042+00:00,ORD325450
3P1187,P3,CLOSED,Damaged product delivered,Laptop sleeve arrived with torn packaging and visible scratch on product.,Lucknow,2026-02-08 14:58:34.160042+00:00,2026-02-08 15:58:34.160042+00:00,ORD357253
1P1188,P1,OPEN,Critical supply chain failure,Entire lot of high-demand SKU XXXX-5678 has not reached the central warehouse. Expected arrival was 3 days ago. Impacts multiple cities.,Chandigarh,2025-12-09 17:34:34.160042+00:00,,ORD317033
3P1189,P3,OPEN,Damaged product delivered,Laptop sleeve arrived with torn packaging and visible scratch on product.,Hyderabad,2025-12-13 01:43:34.160042+00:00,,ORD343219
3P1190,P3,CLOSED,App crashed during payment – money deducted,App closed during Paytm payment flow. Money deducted but cart still active.,Hyderabad,2025-11-30 20:34:34.160042+00:00,2025-11-30 22:34:34.160042+00:00,ORD529145
3P1191,P3,CLOSED,Damaged product delivered,Laptop sleeve arrived with torn packaging and visible scratch on product.,Jaipur,2025-12-21 22:13:34.160042+00:00,2025-12-22 02:13:34.160042+00:00,ORD708994
3P1192,P3,CLOSED,Received completely wrong product,"Ordered Noise ColorFit Pro 5, received boAt Airdopes instead.",Chennai,2026-01-14 03:14:34.160042+00:00,2026-01-15 03:14:34.160042+00:00,ORD161829
3P1193,P3,CLOSED,Payment successful but order not confirmed,"₹1,499 deducted via UPI but order status stuck at 'payment pending' for 2 days.",Bangalore,2025-12-11 22:24:34.160042+00:00,2025-12-12 00:24:34.160042+00:00,ORD729707
2P1194,P2,OPEN,Priority delivery partner no-show,"Prime Blue Dart slot booked, but delivery agent marked 'not reachable' three times.",Hyderabad,2025-12-12 16:18:34.160042+00:00,,ORD772061
3P1195,P3,OPEN,Partial order delivered,"Order had 3 items — only 1 was delivered, no communication about remaining items.",Mumbai,2025-12-14 11:00:34.160042+00:00,,ORD973137
3P1196,P3,CLOSED,Damaged product delivered,Laptop sleeve arrived with torn packaging and visible scratch on product.,Ahmedabad,2025-12-30 12:24:34.160042+00:00,2025-12-30 12:54:34.160042+00:00,ORD186625
3P1197,P3,CLOSED,App crashed during payment – money deducted,App closed during Paytm payment flow. Money deducted but cart still active.,Patna,2026-01-17 11:19:34.160042+00:00,2026-01-17 13:19:34.160042+00:00,ORD268521
3P1198,P3,OPEN,Damaged product delivered,Laptop sleeve arrived with torn packaging and visible scratch on product.,Hyderabad,2025-12-12 19:08:34.160042+00:00,,ORD890805
2P1199,P2,OPEN,Prime early access deal item delayed,Item from Prime Early Access sale not shipped even after 72-hour window.,Bangalore,2026-01-14 12:56:34.160042+00:00,,ORD431411
2P1200,P2,CLOSED,Prime same-day delivery missed,Customer in Bangalore was promised same-day delivery but order is still in 'processing' status at 8 PM.,Chandigarh,2025-12-11 21:50:34.160042+00:00,2025-12-14 21:50:34.160042+00:00,ORD927006
3P1201,P3,OPEN,Damaged product delivered,Laptop sleeve arrived with torn packaging and visible scratch on product.,Hyderabad,2026-01-16 13:52:34.160042+00:00,,ORD833139
2P1202,P2,CLOSED,Prime early access deal item delayed,Item from Prime Early Access sale not shipped even after 72-hour window.,Chennai,2026-02-18 14:26:34.160042+00:00,2026-02-18 22:26:34.160042+00:00,ORD197474
3P1203,P3,OPEN,Payment successful but order not confirmed,"₹1,499 deducted via UPI but order status stuck at 'payment pending' for 2 days.",Chennai,2025-11-26 00:09:34.160042+00:00,,ORD913449
3P1204,P3,OPEN,Payment successful but order not confirmed,"₹1,499 deducted via UPI but order status stuck at 'payment pending' for 2 days.",Hyderabad,2026-01-07 08:12:34.160042+00:00,,ORD842610
3P1205,P3,OPEN,Delivery agent unreachable for last mile,Agent number +91-98XXXXXX45 not answering calls/WhatsApp since yesterday.,Ahmedabad,2025-12-29 18:09:34.160042+00:00,,ORD793776
3P1206,P3,CLOSED,Payment successful but order not confirmed,"₹1,499 deducted via UPI but order status stuck at 'payment pending' for 2 days.",Pune,2025-12-02 05:26:34.160042+00:00,2025-12-02 13:26:34.160042+00:00,ORD469125
3P1207,P3,CLOSED,App crashed during payment – money deducted,App closed during Paytm payment flow. Money deducted but cart still active.,Ahmedabad,2026-02-15 07:55:34.160042+00:00,2026-02-15 08:55:34.160042+00:00,ORD582552
3P1208,P3,CLOSED,Received completely wrong product,"Ordered Noise ColorFit Pro 5, received boAt Airdopes instead.",Chandigarh,2026-01-10 15:27:34.160042+00:00,2026-01-10 23:27:34.160042+00:00,ORD950516
3P1209,P3,CLOSED,Payment successful but order not confirmed,"₹1,499 deducted via UPI but order status stuck at 'payment pending' for 2 days.",Pune,2026-01-27 11:26:34.160042+00:00,2026-01-27 13:26:34.160042+00:00,ORD208928
3P1210,P3,CLOSED,Received completely wrong product,"Ordered Noise ColorFit Pro 5, received boAt Airdopes instead.",Hyderabad,2025-12-30 22:25:34.160042+00:00,2025-12-30 23:25:34.160042+00:00,ORD941097
3P1211,P3,OPEN,Received completely wrong product,"Ordered Noise ColorFit Pro 5, received boAt Airdopes instead.",Jaipur,2025-11-25 15:57:34.160042+00:00,,ORD138872
2P1212,P2,CLOSED,Priority delivery partner no-show,"Prime Blue Dart slot booked, but delivery agent marked 'not reachable' three times.",Hyderabad,2026-01-12 23:49:34.160042+00:00,2026-01-13 23:49:34.160042+00:00,ORD947715
3P1213,P3,OPEN,Damaged product delivered,Laptop sleeve arrived with torn packaging and visible scratch on product.,Lucknow,2026-02-02 01:45:34.160042+00:00,,ORD798350
3P1214,P3,OPEN,Delivery agent unreachable for last mile,Agent number +91-98XXXXXX45 not answering calls/WhatsApp since yesterday.,Chennai,2026-01-07 14:36:34.160042+00:00,,ORD958473
3P1215,P3,CLOSED,Payment successful but order not confirmed,"₹1,499 deducted via UPI but order status stuck at 'payment pending' for 2 days.",Hyderabad,2025-12-26 15:25:34.160042+00:00,2025-12-26 17:25:34.160042+00:00,ORD819238
1P1216,P1,CLOSED,Vendor dispatch system outage,Primary vendor's dispatch system crashed — no shipments processed in last 48 hours.,Pune,2026-02-04 09:45:34.160042+00:00,2026-02-04 17:45:34.160042+00:00,ORD860523
3P1217,P3,CLOSED,Received completely wrong product,"Ordered Noise ColorFit Pro 5, received boAt Airdopes instead.",Chennai,2026-01-10 02:53:34.160042+00:00,2026-01-11 02:53:34.160042+00:00,ORD574442
1P1218,P1,CLOSED,Vendor dispatch system outage,Primary vendor's dispatch system crashed — no shipments processed in last 48 hours.,Indore,2025-12-21 23:55:34.160042+00:00,2025-12-22 01:55:34.160042+00:00,ORD551368
2P1219,P2,CLOSED,Prime early access deal item delayed,Item from Prime Early Access sale not shipped even after 72-hour window.,Jaipur,2025-12-24 05:47:34.160042+00:00,2025-12-26 05:47:34.160042+00:00,ORD248708
2P1220,P2,OPEN,Prime same-day delivery missed,Customer in Bangalore was promised same-day delivery but order is still in 'processing' status at 8 PM.,Hyderabad,2025-12-27 07:04:34.160042+00:00,,ORD358200
2P1221,P2,CLOSED,Refund not credited within 1 business day,Prime member eligible for instant refund — amount deducted but not credited back after 36 hours.,Bangalore,2025-12-29 10:52:34.160042+00:00,2025-12-29 12:52:34.160042+00:00,ORD943812
3P1222,P3,CLOSED,Standard delivery running late by 4+ days,Order #875421 placed 7 days ago still shows 'out for delivery' status.,Pune,2026-01-30 19:33:34.160042+00:00,2026-01-30 20:03:34.160042+00:00,ORD627941
3P1223,P3,OPEN,Partial order delivered,"Order had 3 items — only 1 was delivered, no communication about remaining items.",Patna,2025-12-21 11:05:34.160042+00:00,,ORD297331
3P1224,P3,CLOSED,App crashed during payment – money deducted,App closed during Paytm payment flow. Money deducted but cart still active.,Pune,2025-12-18 08:07:34.160042+00:00,2025-12-18 16:07:34.160042+00:00,ORD912676
3P1225,P3,CLOSED,Payment successful but order not confirmed,"₹1,499 deducted via UPI but order status stuck at 'payment pending' for 2 days.",Pune,2025-12-01 10:00:34.160042+00:00,2025-12-01 10:30:34.160042+00:00,ORD593537
2P1226,P2,CLOSED,Priority delivery partner no-show,"Prime Blue Dart slot booked, but delivery agent marked 'not reachable' three times.",Surat,2026-01-19 14:42:34.160042+00:00,2026-01-19 16:42:34.160042+00:00,ORD345440
3P1227,P3,CLOSED,Delivery agent unreachable for last mile,Agent number +91-98XXXXXX45 not answering calls/WhatsApp since yesterday.,Lucknow,2025-12-05 08:43:34.160042+00:00,2025-12-05 09:13:34.160042+00:00,ORD987774
3P1228,P3,CLOSED,Payment successful but order not confirmed,"₹1,499 deducted via UPI but order status stuck at 'payment pending' for 2 days.",Pune,2025-12-30 16:56:34.160042+00:00,2025-12-30 17:56:34.160042+00:00,ORD677269
3P1229,P3,CLOSED,Damaged product delivered,Laptop sleeve arrived with torn packaging and visible scratch on product.,Patna,2025-12-10 13:04:34.160042+00:00,2025-12-10 17:04:34.160042+00:00,ORD449270
2P1230,P2,CLOSED,Priority delivery partner no-show,"Prime Blue Dart slot booked, but delivery agent marked 'not reachable' three times.",Chennai,2025-12-26 19:54:34.160042+00:00,2025-12-26 21:54:34.160042+00:00,ORD332535
3P1231,P3,CLOSED,Partial order delivered,"Order had 3 items — only 1 was delivered, no communication about remaining items.",Surat,2026-02-02 19:37:34.160042+00:00,2026-02-02 20:07:34.160042+00:00,ORD778694
3P1232,P3,CLOSED,App crashed during payment – money deducted,App closed during Paytm payment flow. Money deducted but cart still active.,Lucknow,2026-01-07 18:42:34.160042+00:00,2026-01-10 18:42:34.160042+00:00,ORD693813
3P1233,P3,CLOSED,Delivery agent unreachable for last mile,Agent number +91-98XXXXXX45 not answering calls/WhatsApp since yesterday.,Chandigarh,2026-01-17 21:40:34.160042+00:00,2026-01-18 01:40:34.160042+00:00,ORD926924
3P1234,P3,OPEN,Partial order delivered,"Order had 3 items — only 1 was delivered, no communication about remaining items.",Hyderabad,2025-11-25 02:43:34.160042+00:00,,ORD511098
3P1235,P3,CLOSED,Partial order delivered,"Order had 3 items — only 1 was delivered, no communication about remaining items.",Indore,2026-02-13 21:02:34.160042+00:00,2026-02-13 23:02:34.160042+00:00,ORD531363
3P1236,P3,OPEN,Delivery agent unreachable for last mile,Agent number +91-98XXXXXX45 not answering calls/WhatsApp since yesterday.,Chandigarh,2026-02-04 01:03:34.160042+00:00,,ORD765746
3P1237,P3,CLOSED,Payment successful but order not confirmed,"₹1,499 deducted via UPI but order status stuck at 'payment pending' for 2 days.",Surat,2026-02-11 08:41:34.160042+00:00,2026-02-11 09:11:34.160042+00:00,ORD155200
2P1238,P2,CLOSED,Prime same-day delivery missed,Customer in Bangalore was promised same-day delivery but order is still in 'processing' status at 8 PM.,Chennai,2026-02-05 23:36:34.160042+00:00,2026-02-06 03:36:34.160042+00:00,ORD175323
3P1239,P3,CLOSED,Delivery agent unreachable for last mile,Agent number +91-98XXXXXX45 not answering calls/WhatsApp since yesterday.,Surat,2025-12-11 20:01:34.160042+00:00,2025-12-12 20:01:34.160042+00:00,ORD235507
3P1240,P3,CLOSED,Received completely wrong product,"Ordered Noise ColorFit Pro 5, received boAt Airdopes instead.",Hyderabad,2026-02-03 16:55:34.160042+00:00,2026-02-03 17:25:34.160042+00:00,ORD784603
3P1241,P3,CLOSED,Standard delivery running late by 4+ days,Order #875421 placed 7 days ago still shows 'out for delivery' status.,Kolkata,2025-12-01 22:20:34.160042+00:00,2025-12-01 23:20:34.160042+00:00,ORD590065
3P1242,P3,CLOSED,App crashed during payment – money deducted,App closed during Paytm payment flow. Money deducted but cart still active.,Indore,2025-12-08 14:39:34.160042+00:00,2025-12-11 14:39:34.160042+00:00,ORD213917
1P1243,P1,CLOSED,Bulk shipment stuck at customs,"Container with 12,000 units delayed at Nhava Sheva port due to documentation mismatch.",Hyderabad,2025-12-05 13:10:34.160042+00:00,2025-12-05 15:10:34.160042+00:00,ORD988238
2P1244,P2,OPEN,Prime early access deal item delayed,Item from Prime Early Access sale not shipped even after 72-hour window.,Bangalore,2026-01-31 19:21:34.160042+00:00,,ORD589150
3P1245,P3,CLOSED,Received completely wrong product,"Ordered Noise ColorFit Pro 5, received boAt Airdopes instead.",Hyderabad,2025-12-13 23:29:34.160042+00:00,2025-12-14 23:29:34.160042+00:00,ORD528368
3P1246,P3,OPEN,Partial order delivered,"Order had 3 items — only 1 was delivered, no communication about remaining items.",Hyderabad,2026-01-20 02:44:34.160042+00:00,,ORD927991
3P1247,P3,CLOSED,Delivery agent unreachable for last mile,Agent number +91-98XXXXXX45 not answering calls/WhatsApp since yesterday.,Lucknow,2026-01-17 02:18:34.160042+00:00,2026-01-17 03:18:34.160042+00:00,ORD728827
3P1248,P3,CLOSED,Received completely wrong product,"Ordered Noise ColorFit Pro 5, received boAt Airdopes instead.",Kolkata,2026-01-07 17:51:34.160042+00:00,2026-01-10 17:51:34.160042+00:00,ORD185603
2P1249,P2,OPEN,Priority delivery partner no-show,"Prime Blue Dart slot booked, but delivery agent marked 'not reachable' three times.",Mumbai,2025-12-12 19:50:34.160042+00:00,,ORD649892
3P1250,P3,OPEN,Partial order delivered,"Order had 3 items — only 1 was delivered, no communication about remaining items.",Hyderabad,2026-02-16 13:54:34.160042+00:00,,ORD262158
1P1251,P1,CLOSED,Supplier stock-out on critical item,Vendor confirmed zero stock for product ABC123 (fast-moving category). No ETA available.,Hyderabad,2026-01-03 16:47:34.160042+00:00,2026-01-06 16:47:34.160042+00:00,ORD998265
1P1252,P1,CLOSED,Critical supply chain failure,Entire lot of high-demand SKU XXXX-5678 has not reached the central warehouse. Expected arrival was 3 days ago. Impacts multiple cities.,Hyderabad,2026-02-13 17:18:34.160042+00:00,2026-02-14 01:18:34.160042+00:00,ORD468062
2P1253,P2,OPEN,Prime exclusive product out of stock after order,Order #9845123 for Prime-exclusive Echo Dot (new color) cancelled by system due to stock unavailability.,Bangalore,2025-11-28 06:49:34.160042+00:00,,ORD903981
1P1254,P1,CLOSED,Supplier stock-out on critical item,Vendor confirmed zero stock for product ABC123 (fast-moving category). No ETA available.,Hyderabad,2025-11-27 05:13:34.160042+00:00,2025-11-30 05:13:34.160042+00:00,ORD456621
3P1255,P3,OPEN,Damaged product delivered,Laptop sleeve arrived with torn packaging and visible scratch on product.,Hyderabad,2025-12-20 07:33:34.160042+00:00,,ORD357027
1P1256,P1,OPEN,Critical supply chain failure,Entire lot of high-demand SKU XXXX-5678 has not reached the central warehouse. Expected arrival was 3 days ago. Impacts multiple cities.,Hyderabad,2025-12-21 06:03:34.160042+00:00,,ORD406734
3P1257,P3,OPEN,Standard delivery running late by 4+ days,Order #875421 placed 7 days ago still shows 'out for delivery' status.,Hyderabad,2025-12-04 12:21:34.160042+00:00,,ORD827742
3P1258,P3,OPEN,Partial order delivered,"Order had 3 items — only 1 was delivered, no communication about remaining items.",Jaipur,2026-01-04 15:48:34.160042+00:00,,ORD438072
2P1259,P2,CLOSED,Refund not credited within 1 business day,Prime member eligible for instant refund — amount deducted but not credited back after 36 hours.,Hyderabad,2025-12-16 20:53:34.160042+00:00,2025-12-16 21:53:34.160042+00:00,ORD843321
3P1260,P3,CLOSED,Damaged product delivered,Laptop sleeve arrived with torn packaging and visible scratch on product.,Bangalore,2026-02-15 16:33:34.160042+00:00,2026-02-16 16:33:34.160042+00:00,ORD955382
2P1261,P2,OPEN,Prime same-day delivery missed,Customer in Bangalore was promised same-day delivery but order is still in 'processing' status at 8 PM.,Hyderabad,2025-12-24 07:39:34.160042+00:00,,ORD115946
3P1262,P3,OPEN,Standard delivery running late by 4+ days,Order #875421 placed 7 days ago still shows 'out for delivery' status.,Surat,2025-12-07 02:46:34.160042+00:00,,ORD944693
1P1263,P1,OPEN,Critical supply chain failure,Entire lot of high-demand SKU XXXX-5678 has not reached the central warehouse. Expected arrival was 3 days ago. Impacts multiple cities.,Kolkata,2026-02-11 13:18:34.160042+00:00,,ORD737095
2P1264,P2,CLOSED,Priority delivery partner no-show,"Prime Blue Dart slot booked, but delivery agent marked 'not reachable' three times.",Jaipur,2025-12-14 03:43:34.160042+00:00,2025-12-14 04:43:34.160042+00:00,ORD732344
3P1265,P3,OPEN,Damaged product delivered,Laptop sleeve arrived with torn packaging and visible scratch on product.,Chennai,2025-12-19 00:52:34.160042+00:00,,ORD330148
3P1266,P3,CLOSED,Payment successful but order not confirmed,"₹1,499 deducted via UPI but order status stuck at 'payment pending' for 2 days.",Indore,2026-02-01 04:05:34.160042+00:00,2026-02-01 08:05:34.160042+00:00,ORD289943
2P1267,P2,CLOSED,Prime exclusive product out of stock after order,Order #9845123 for Prime-exclusive Echo Dot (new color) cancelled by system due to stock unavailability.,Jaipur,2026-01-01 13:39:34.160042+00:00,2026-01-01 17:39:34.160042+00:00,ORD647061
3P1268,P3,OPEN,Delivery agent unreachable for last mile,Agent number +91-98XXXXXX45 not answering calls/WhatsApp since yesterday.,Kolkata,2025-12-04 15:47:34.160042+00:00,,ORD727451
1P1269,P1,CLOSED,Supplier stock-out on critical item,Vendor confirmed zero stock for product ABC123 (fast-moving category). No ETA available.,Kolkata,2025-12-18 10:01:34.160042+00:00,2025-12-18 11:01:34.160042+00:00,ORD678705
2P1270,P2,CLOSED,Refund not credited within 1 business day,Prime member eligible for instant refund — amount deducted but not credited back after 36 hours.,Hyderabad,2025-12-11 04:32:34.160042+00:00,2025-12-11 05:32:34.160042+00:00,ORD899876
3P1271,P3,CLOSED,Delivery agent unreachable for last mile,Agent number +91-98XXXXXX45 not answering calls/WhatsApp since yesterday.,Hyderabad,2026-01-29 07:49:34.160042+00:00,2026-01-29 08:19:34.160042+00:00,ORD391436
3P1272,P3,CLOSED,Standard delivery running late by 4+ days,Order #875421 placed 7 days ago still shows 'out for delivery' status.,Kolkata,2025-12-28 08:12:34.160042+00:00,2025-12-28 12:12:34.160042+00:00,ORD726600
3P1273,P3,CLOSED,Delivery agent unreachable for last mile,Agent number +91-98XXXXXX45 not answering calls/WhatsApp since yesterday.,Chennai,2026-01-10 06:19:34.160042+00:00,2026-01-10 07:19:34.160042+00:00,ORD700679
3P1274,P3,CLOSED,Partial order delivered,"Order had 3 items — only 1 was delivered, no communication about remaining items.",Hyderabad,2025-12-23 21:32:34.160042+00:00,2025-12-23 23:32:34.160042+00:00,ORD914031
3P1275,P3,OPEN,Damaged product delivered,Laptop sleeve arrived with torn packaging and visible scratch on product.,Surat,2025-12-17 07:18:34.160042+00:00,,ORD603781
2P1276,P2,CLOSED,Prime same-day delivery missed,Customer in Bangalore was promised same-day delivery but order is still in 'processing' status at 8 PM.,Patna,2025-12-28 15:33:34.160042+00:00,2025-12-28 19:33:34.160042+00:00,ORD584304
3P1277,P3,CLOSED,App crashed during payment – money deducted,App closed during Paytm payment flow. Money deducted but cart still active.,Hyderabad,2026-01-25 18:11:34.160042+00:00,2026-01-25 20:11:34.160042+00:00,ORD568037
3P1278,P3,CLOSED,Delivery agent unreachable for last mile,Agent number +91-98XXXXXX45 not answering calls/WhatsApp since yesterday.,Delhi,2025-12-01 05:20:34.160042+00:00,2025-12-01 09:20:34.160042+00:00,ORD899542
1P1279,P1,CLOSED,Supplier stock-out on critical item,Vendor confirmed zero stock for product ABC123 (fast-moving category). No ETA available.,Bhopal,2026-02-02 15:03:34.160042+00:00,2026-02-02 16:03:34.160042+00:00,ORD670536
3P1280,P3,CLOSED,Partial order delivered,"Order had 3 items — only 1 was delivered, no communication about remaining items.",Hyderabad,2025-12-25 13:47:34.160042+00:00,2025-12-25 17:47:34.160042+00:00,ORD836609
1P1281,P1,CLOSED,Supplier stock-out on critical item,Vendor confirmed zero stock for product ABC123 (fast-moving category). No ETA available.,Hyderabad,2025-11-27 03:37:34.160042+00:00,2025-11-27 05:37:34.160042+00:00,ORD571248
3P1282,P3,CLOSED,Standard delivery running late by 4+ days,Order #875421 placed 7 days ago still shows 'out for delivery' status.,Lucknow,2025-12-07 22:56:34.160042+00:00,2025-12-08 06:56:34.160042+00:00,ORD515698
3P1283,P3,OPEN,Partial order delivered,"Order had 3 items — only 1 was delivered, no communication about remaining items.",Lucknow,2026-02-09 08:36:34.160042+00:00,,ORD954359
3P1284,P3,OPEN,App crashed during payment – money deducted,App closed during Paytm payment flow. Money deducted but cart still active.,Chandigarh,2025-12-08 06:45:34.160042+00:00,,ORD703902
2P1285,P2,OPEN,Refund not credited within 1 business day,Prime member eligible for instant refund — amount deducted but not credited back after 36 hours.,Surat,2026-02-07 00:40:34.160042+00:00,,ORD893049
3P1286,P3,CLOSED,Partial order delivered,"Order had 3 items — only 1 was delivered, no communication about remaining items.",Hyderabad,2026-01-08 13:04:34.160042+00:00,2026-01-08 15:04:34.160042+00:00,ORD506631
3P1287,P3,OPEN,Damaged product delivered,Laptop sleeve arrived with torn packaging and visible scratch on product.,Hyderabad,2025-11-26 01:22:34.160042+00:00,,ORD770254
3P1288,P3,CLOSED,Partial order delivered,"Order had 3 items — only 1 was delivered, no communication about remaining items.",Surat,2026-01-25 05:30:34.160042+00:00,2026-01-28 05:30:34.160042+00:00,ORD484763
2P1289,P2,CLOSED,Prime same-day delivery missed,Customer in Bangalore was promised same-day delivery but order is still in 'processing' status at 8 PM.,Lucknow,2025-11-25 08:15:34.160042+00:00,2025-11-25 09:15:34.160042+00:00,ORD387440
1P1290,P1,OPEN,Bulk shipment stuck at customs,"Container with 12,000 units delayed at Nhava Sheva port due to documentation mismatch.",Hyderabad,2026-01-13 10:42:34.160042+00:00,,ORD943791
2P1291,P2,CLOSED,Prime same-day delivery missed,Customer in Bangalore was promised same-day delivery but order is still in 'processing' status at 8 PM.,Delhi,2026-02-05 04:04:34.160042+00:00,2026-02-08 04:04:34.160042+00:00,ORD817070
3P1292,P3,CLOSED,Payment successful but order not confirmed,"₹1,499 deducted via UPI but order status stuck at 'payment pending' for 2 days.",Pune,2026-01-09 11:25:34.160042+00:00,2026-01-09 13:25:34.160042+00:00,ORD479877
3P1293,P3,OPEN,Damaged product delivered,Laptop sleeve arrived with torn packaging and visible scratch on product.,Chennai,2025-12-19 20:04:34.160042+00:00,,ORD589311
2P1294,P2,CLOSED,Prime same-day delivery missed,Customer in Bangalore was promised same-day delivery but order is still in 'processing' status at 8 PM.,Bhopal,2026-02-06 15:43:34.160042+00:00,2026-02-06 16:43:34.160042+00:00,ORD285940
3P1295,P3,OPEN,App crashed during payment – money deducted,App closed during Paytm payment flow. Money deducted but cart still active.,Hyderabad,2025-12-31 17:14:34.160042+00:00,,ORD358968
3P1296,P3,CLOSED,Delivery agent unreachable for last mile,Agent number +91-98XXXXXX45 not answering calls/WhatsApp since yesterday.,Hyderabad,2025-12-22 06:06:34.160042+00:00,2025-12-24 06:06:34.160042+00:00,ORD248800
3P1297,P3,CLOSED,Partial order delivered,"Order had 3 items — only 1 was delivered, no communication about remaining items.",Kolkata,2025-12-18 21:21:34.160042+00:00,2025-12-18 21:51:34.160042+00:00,ORD861704
3P1298,P3,CLOSED,Standard delivery running late by 4+ days,Order #875421 placed 7 days ago still shows 'out for delivery' status.,Surat,2025-12-26 04:57:34.160042+00:00,2025-12-26 05:57:34.160042+00:00,ORD701789
3P1299,P3,CLOSED,Delivery agent unreachable for last mile,Agent number +91-98XXXXXX45 not answering calls/WhatsApp since yesterday.,Lucknow,2026-01-06 22:39:34.160042+00:00,2026-01-07 00:39:34.160042+00:00,ORD857314
1P1300,P1,OPEN,Critical supply chain failure,Entire lot of high-demand SKU XXXX-5678 has not reached the central warehouse. Expected arrival was 3 days ago. Impacts multiple cities.,Mumbai,2025-12-12 04:05:34.160042+00:00,,ORD781762
2P1301,P2,CLOSED,Prime same-day delivery missed,Customer in Bangalore was promised same-day delivery but order is still in 'processing' status at 8 PM.,Lucknow,2026-01-27 01:22:34.160042+00:00,2026-01-27 09:22:34.160042+00:00,ORD629356
3P1302,P3,CLOSED,App crashed during payment – money deducted,App closed during Paytm payment flow. Money deducted but cart still active.,Hyderabad,2025-12-19 22:38:34.160042+00:00,2025-12-20 02:38:34.160042+00:00,ORD891629
2P1303,P2,CLOSED,Priority delivery partner no-show,"Prime Blue Dart slot booked, but delivery agent marked 'not reachable' three times.",Bhopal,2025-11-25 03:49:34.160042+00:00,2025-11-26 03:49:34.160042+00:00,ORD513806
3P1304,P3,OPEN,Delivery agent unreachable for last mile,Agent number +91-98XXXXXX45 not answering calls/WhatsApp since yesterday.,Chandigarh,2026-01-21 16:41:34.160042+00:00,,ORD497078
3P1305,P3,OPEN,Received completely wrong product,"Ordered Noise ColorFit Pro 5, received boAt Airdopes instead.",Hyderabad,2025-12-01 00:22:34.160042+00:00,,ORD584078
2P1306,P2,OPEN,Prime exclusive product out of stock after order,Order #9845123 for Prime-exclusive Echo Dot (new color) cancelled by system due to stock unavailability.,Hyderabad,2026-02-05 19:14:34.160042+00:00,,ORD235574
3P1307,P3,CLOSED,Partial order delivered,"Order had 3 items — only 1 was delivered, no communication about remaining items.",Hyderabad,2025-12-11 08:35:34.160042+00:00,2025-12-11 09:35:34.160042+00:00,ORD666520
3P1308,P3,OPEN,Partial order delivered,"Order had 3 items — only 1 was delivered, no communication about remaining items.",Mumbai,2025-12-21 14:54:34.160042+00:00,,ORD486136
2P1309,P2,CLOSED,Prime early access deal item delayed,Item from Prime Early Access sale not shipped even after 72-hour window.,Surat,2026-02-04 23:35:34.160042+00:00,2026-02-06 23:35:34.160042+00:00,ORD958817
3P1310,P3,CLOSED,App crashed during payment – money deducted,App closed during Paytm payment flow. Money deducted but cart still active.,Patna,2026-02-14 19:40:34.160042+00:00,2026-02-17 19:40:34.160042+00:00,ORD345734
3P1311,P3,OPEN,Damaged product delivered,Laptop sleeve arrived with torn packaging and visible scratch on product.,Jaipur,2026-01-22 17:15:34.160042+00:00,,ORD468115
3P1312,P3,OPEN,App crashed during payment – money deducted,App closed during Paytm payment flow. Money deducted but cart still active.,Hyderabad,2025-12-10 03:02:34.160042+00:00,,ORD891518
1P1313,P1,CLOSED,Vendor dispatch system outage,Primary vendor's dispatch system crashed — no shipments processed in last 48 hours.,Hyderabad,2025-12-29 20:46:34.160042+00:00,2025-12-31 20:46:34.160042+00:00,ORD200982
1P1314,P1,OPEN,Warehouse inventory mismatch – critical SKU,"Physical stock of emergency item XYZ789 is 0, but system shows 450 units.",Hyderabad,2026-01-26 02:20:34.160042+00:00,,ORD726702
3P1315,P3,OPEN,Standard delivery running late by 4+ days,Order #875421 placed 7 days ago still shows 'out for delivery' status.,Hyderabad,2026-02-08 16:27:34.160042+00:00,,ORD833766
3P1316,P3,OPEN,Received completely wrong product,"Ordered Noise ColorFit Pro 5, received boAt Airdopes instead.",Bangalore,2025-12-06 23:52:34.160042+00:00,,ORD220150
3P1317,P3,OPEN,App crashed during payment – money deducted,App closed during Paytm payment flow. Money deducted but cart still active.,Delhi,2025-12-04 23:56:34.160042+00:00,,ORD590163
2P1318,P2,CLOSED,Prime early access deal item delayed,Item from Prime Early Access sale not shipped even after 72-hour window.,Hyderabad,2026-01-17 05:36:34.160042+00:00,2026-01-18 05:36:34.160042+00:00,ORD330267
2P1319,P2,OPEN,Prime same-day delivery missed,Customer in Bangalore was promised same-day delivery but order is still in 'processing' status at 8 PM.,Ahmedabad,2026-01-19 15:16:34.160042+00:00,,ORD440103
2P1320,P2,OPEN,Prime early access deal item delayed,Item from Prime Early Access sale not shipped even after 72-hour window.,Surat,2025-12-25 16:01:34.160042+00:00,,ORD858208
3P1321,P3,CLOSED,Payment successful but order not confirmed,"₹1,499 deducted via UPI but order status stuck at 'payment pending' for 2 days.",Delhi,2026-01-01 19:24:34.160042+00:00,2026-01-01 21:24:34.160042+00:00,ORD176743
3P1322,P3,CLOSED,Delivery agent unreachable for last mile,Agent number +91-98XXXXXX45 not answering calls/WhatsApp since yesterday.,Kolkata,2026-01-29 00:39:34.160042+00:00,2026-01-29 02:39:34.160042+00:00,ORD563485
3P1323,P3,OPEN,Payment successful but order not confirmed,"₹1,499 deducted via UPI but order status stuck at 'payment pending' for 2 days.",Surat,2025-11-28 14:12:34.160042+00:00,,ORD422476
1P1324,P1,CLOSED,Supplier stock-out on critical item,Vendor confirmed zero stock for product ABC123 (fast-moving category). No ETA available.,Patna,2026-02-16 11:08:34.160042+00:00,2026-02-16 15:08:34.160042+00:00,ORD593623
3P1325,P3,CLOSED,Standard delivery running late by 4+ days,Order #875421 placed 7 days ago still shows 'out for delivery' status.,Chennai,2026-01-05 08:56:34.160042+00:00,2026-01-05 09:56:34.160042+00:00,ORD718552
3P1326,P3,OPEN,Standard delivery running late by 4+ days,Order #875421 placed 7 days ago still shows 'out for delivery' status.,Bangalore,2025-12-11 16:21:34.160042+00:00,,ORD349636
3P1327,P3,CLOSED,Standard delivery running late by 4+ days,Order #875421 placed 7 days ago still shows 'out for delivery' status.,Hyderabad,2026-02-07 09:21:34.160042+00:00,2026-02-07 17:21:34.160042+00:00,ORD976973
1P1328,P1,CLOSED,Bulk shipment stuck at customs,"Container with 12,000 units delayed at Nhava Sheva port due to documentation mismatch.",Indore,2026-02-04 06:34:34.160042+00:00,2026-02-04 07:04:34.160042+00:00,ORD594711
2P1329,P2,OPEN,Prime exclusive product out of stock after order,Order #9845123 for Prime-exclusive Echo Dot (new color) cancelled by system due to stock unavailability.,Surat,2025-12-21 00:34:34.160042+00:00,,ORD932917
2P1330,P2,CLOSED,Prime same-day delivery missed,Customer in Bangalore was promised same-day delivery but order is still in 'processing' status at 8 PM.,Indore,2025-12-16 21:18:34.160042+00:00,2025-12-16 21:48:34.160042+00:00,ORD232555
3P1331,P3,OPEN,Delivery agent unreachable for last mile,Agent number +91-98XXXXXX45 not answering calls/WhatsApp since yesterday.,Delhi,2026-01-15 04:31:34.160042+00:00,,ORD305945
3P1332,P3,CLOSED,Standard delivery running late by 4+ days,Order #875421 placed 7 days ago still shows 'out for delivery' status.,Ahmedabad,2025-12-22 17:31:34.160042+00:00,2025-12-29 17:31:34.160042+00:00,ORD235153
3P1333,P3,OPEN,Payment successful but order not confirmed,"₹1,499 deducted via UPI but order status stuck at 'payment pending' for 2 days.",Ahmedabad,2026-02-03 23:44:34.160042+00:00,,ORD319570
3P1334,P3,CLOSED,Partial order delivered,"Order had 3 items — only 1 was delivered, no communication about remaining items.",Chennai,2025-12-15 19:12:34.160042+00:00,2025-12-15 23:12:34.160042+00:00,ORD391986
3P1335,P3,CLOSED,Partial order delivered,"Order had 3 items — only 1 was delivered, no communication about remaining items.",Ahmedabad,2026-02-01 09:29:34.160042+00:00,2026-02-01 11:29:34.160042+00:00,ORD621943
1P1336,P1,OPEN,Critical supply chain failure,Entire lot of high-demand SKU XXXX-5678 has not reached the central warehouse. Expected arrival was 3 days ago. Impacts multiple cities.,Pune,2026-01-26 10:37:34.160042+00:00,,ORD872479
3P1337,P3,CLOSED,Delivery agent unreachable for last mile,Agent number +91-98XXXXXX45 not answering calls/WhatsApp since yesterday.,Delhi,2026-01-02 03:38:34.160042+00:00,2026-01-02 05:38:34.160042+00:00,ORD892464
2P1338,P2,OPEN,Refund not credited within 1 business day,Prime member eligible for instant refund — amount deducted but not credited back after 36 hours.,Hyderabad,2025-11-27 22:35:34.160042+00:00,,ORD306054
1P1339,P1,CLOSED,Supplier stock-out on critical item,Vendor confirmed zero stock for product ABC123 (fast-moving category). No ETA available.,Bangalore,2025-12-28 23:54:34.160042+00:00,2025-12-29 03:54:34.160042+00:00,ORD953415
3P1340,P3,CLOSED,Payment successful but order not confirmed,"₹1,499 deducted via UPI but order status stuck at 'payment pending' for 2 days.",Hyderabad,2026-02-09 07:06:34.160042+00:00,2026-02-09 09:06:34.160042+00:00,ORD988284
2P1341,P2,CLOSED,Prime early access deal item delayed,Item from Prime Early Access sale not shipped even after 72-hour window.,Ahmedabad,2025-12-26 20:55:34.160042+00:00,2025-12-27 04:55:34.160042+00:00,ORD407809
2P1342,P2,OPEN,Prime same-day delivery missed,Customer in Bangalore was promised same-day delivery but order is still in 'processing' status at 8 PM.,Jaipur,2025-12-30 16:27:34.160042+00:00,,ORD250119
3P1343,P3,OPEN,Standard delivery running late by 4+ days,Order #875421 placed 7 days ago still shows 'out for delivery' status.,Jaipur,2025-12-01 00:39:34.160042+00:00,,ORD910312
2P1344,P2,CLOSED,Priority delivery partner no-show,"Prime Blue Dart slot booked, but delivery agent marked 'not reachable' three times.",Hyderabad,2025-12-07 14:34:34.160042+00:00,2025-12-07 16:34:34.160042+00:00,ORD792087
3P1345,P3,OPEN,Standard delivery running late by 4+ days,Order #875421 placed 7 days ago still shows 'out for delivery' status.,Bhopal,2025-11-28 20:40:34.160042+00:00,,ORD749287
3P1346,P3,CLOSED,App crashed during payment – money deducted,App closed during Paytm payment flow. Money deducted but cart still active.,Surat,2025-12-16 23:11:34.160042+00:00,2025-12-17 00:11:34.160042+00:00,ORD470422
3P1347,P3,CLOSED,Standard delivery running late by 4+ days,Order #875421 placed 7 days ago still shows 'out for delivery' status.,Patna,2025-12-16 16:43:34.160042+00:00,2025-12-17 16:43:34.160042+00:00,ORD213265
2P1348,P2,CLOSED,Prime same-day delivery missed,Customer in Bangalore was promised same-day delivery but order is still in 'processing' status at 8 PM.,Ahmedabad,2025-12-16 01:12:34.160042+00:00,2025-12-16 02:12:34.160042+00:00,ORD328535
3P1349,P3,CLOSED,App crashed during payment – money deducted,App closed during Paytm payment flow. Money deducted but cart still active.,Jaipur,2025-12-30 11:33:34.160042+00:00,2025-12-30 19:33:34.160042+00:00,ORD531451
2P1350,P2,CLOSED,Prime early access deal item delayed,Item from Prime Early Access sale not shipped even after 72-hour window.,Ahmedabad,2026-01-02 19:13:34.160042+00:00,2026-01-02 19:43:34.160042+00:00,ORD876137
3P1351,P3,CLOSED,Delivery agent unreachable for last mile,Agent number +91-98XXXXXX45 not answering calls/WhatsApp since yesterday.,Chandigarh,2026-01-27 10:22:34.160042+00:00,2026-01-27 12:22:34.160042+00:00,ORD870147
3P1352,P3,OPEN,Standard delivery running late by 4+ days,Order #875421 placed 7 days ago still shows 'out for delivery' status.,Hyderabad,2026-02-07 22:00:34.160042+00:00,,ORD861805
3P1353,P3,CLOSED,Partial order delivered,"Order had 3 items — only 1 was delivered, no communication about remaining items.",Hyderabad,2026-01-18 08:58:34.160042+00:00,2026-01-18 09:58:34.160042+00:00,ORD814079
3P1354,P3,CLOSED,Delivery agent unreachable for last mile,Agent number +91-98XXXXXX45 not answering calls/WhatsApp since yesterday.,Hyderabad,2026-02-07 10:22:34.160042+00:00,2026-02-07 10:52:34.160042+00:00,ORD356154
1P1355,P1,CLOSED,Supplier stock-out on critical item,Vendor confirmed zero stock for product ABC123 (fast-moving category). No ETA available.,Surat,2026-01-07 07:27:34.160042+00:00,2026-01-07 08:27:34.160042+00:00,ORD953604
1P1356,P1,OPEN,Critical supply chain failure,Entire lot of high-demand SKU XXXX-5678 has not reached the central warehouse. Expected arrival was 3 days ago. Impacts multiple cities.,Bangalore,2025-12-14 23:39:34.160042+00:00,,ORD505977
3P1357,P3,OPEN,Received completely wrong product,"Ordered Noise ColorFit Pro 5, received boAt Airdopes instead.",Delhi,2026-01-03 00:49:34.160042+00:00,,ORD195236
2P1358,P2,CLOSED,Refund not credited within 1 business day,Prime member eligible for instant refund — amount deducted but not credited back after 36 hours.,Chennai,2025-12-11 04:29:34.160042+00:00,2025-12-11 06:29:34.160042+00:00,ORD995967
1P1359,P1,OPEN,Supplier stock-out on critical item,Vendor confirmed zero stock for product ABC123 (fast-moving category). No ETA available.,Hyderabad,2026-01-20 00:26:34.160042+00:00,,ORD380635
3P1360,P3,OPEN,Partial order delivered,"Order had 3 items — only 1 was delivered, no communication about remaining items.",Patna,2026-01-21 18:48:34.160042+00:00,,ORD351592
3P1361,P3,CLOSED,Standard delivery running late by 4+ days,Order #875421 placed 7 days ago still shows 'out for delivery' status.,Hyderabad,2025-12-16 07:53:34.160042+00:00,2025-12-16 08:23:34.160042+00:00,ORD792704
3P1362,P3,CLOSED,App crashed during payment – money deducted,App closed during Paytm payment flow. Money deducted but cart still active.,Surat,2025-12-15 03:46:34.160042+00:00,2025-12-18 03:46:34.160042+00:00,ORD443955
3P1363,P3,CLOSED,Partial order delivered,"Order had 3 items — only 1 was delivered, no communication about remaining items.",Pune,2025-12-30 00:08:34.160042+00:00,2025-12-30 02:08:34.160042+00:00,ORD306462
3P1364,P3,OPEN,Delivery agent unreachable for last mile,Agent number +91-98XXXXXX45 not answering calls/WhatsApp since yesterday.,Hyderabad,2025-11-26 00:13:34.160042+00:00,,ORD440037
3P1365,P3,OPEN,Delivery agent unreachable for last mile,Agent number +91-98XXXXXX45 not answering calls/WhatsApp since yesterday.,Hyderabad,2026-01-11 02:59:34.160042+00:00,,ORD469841
3P1366,P3,OPEN,Partial order delivered,"Order had 3 items — only 1 was delivered, no communication about remaining items.",Pune,2025-12-12 04:02:34.160042+00:00,,ORD645474
3P1367,P3,CLOSED,Partial order delivered,"Order had 3 items — only 1 was delivered, no communication about remaining items.",Hyderabad,2025-12-27 19:16:34.160042+00:00,2025-12-27 20:16:34.160042+00:00,ORD281089
3P1368,P3,OPEN,Received completely wrong product,"Ordered Noise ColorFit Pro 5, received boAt Airdopes instead.",Delhi,2026-01-17 09:18:34.160042+00:00,,ORD784405
3P1369,P3,OPEN,Damaged product delivered,Laptop sleeve arrived with torn packaging and visible scratch on product.,Chandigarh,2026-02-06 08:33:34.160042+00:00,,ORD721624
3P1370,P3,CLOSED,Payment successful but order not confirmed,"₹1,499 deducted via UPI but order status stuck at 'payment pending' for 2 days.",Delhi,2025-12-22 06:46:34.160042+00:00,2025-12-22 07:16:34.160042+00:00,ORD361637
3P1371,P3,CLOSED,Received completely wrong product,"Ordered Noise ColorFit Pro 5, received boAt Airdopes instead.",Mumbai,2025-12-03 20:40:34.160042+00:00,2025-12-04 00:40:34.160042+00:00,ORD206630
3P1372,P3,CLOSED,Payment successful but order not confirmed,"₹1,499 deducted via UPI but order status stuck at 'payment pending' for 2 days.",Chennai,2026-01-22 00:13:34.160042+00:00,2026-01-22 01:13:34.160042+00:00,ORD695072
3P1373,P3,CLOSED,App crashed during payment – money deducted,App closed during Paytm payment flow. Money deducted but cart still active.,Delhi,2025-12-16 07:44:34.160042+00:00,2025-12-16 11:44:34.160042+00:00,ORD160166
1P1374,P1,CLOSED,Vendor dispatch system outage,Primary vendor's dispatch system crashed — no shipments processed in last 48 hours.,Jaipur,2026-01-21 07:16:34.160042+00:00,2026-01-22 07:16:34.160042+00:00,ORD916467
3P1375,P3,OPEN,Partial order delivered,"Order had 3 items — only 1 was delivered, no communication about remaining items.",Hyderabad,2026-01-29 02:35:34.160042+00:00,,ORD510681
1P1376,P1,OPEN,Supplier stock-out on critical item,Vendor confirmed zero stock for product ABC123 (fast-moving category). No ETA available.,Kolkata,2025-12-29 06:30:34.160042+00:00,,ORD988422
1P1377,P1,OPEN,Supplier stock-out on critical item,Vendor confirmed zero stock for product ABC123 (fast-moving category). No ETA available.,Jaipur,2026-02-01 14:05:34.160042+00:00,,ORD940034
3P1378,P3,CLOSED,Damaged product delivered,Laptop sleeve arrived with torn packaging and visible scratch on product.,Chennai,2025-11-27 14:24:34.160042+00:00,2025-11-27 15:24:34.160042+00:00,ORD457113
3P1379,P3,OPEN,Delivery agent unreachable for last mile,Agent number +91-98XXXXXX45 not answering calls/WhatsApp since yesterday.,Hyderabad,2025-12-18 05:39:34.160042+00:00,,ORD811309
3P1380,P3,CLOSED,Received completely wrong product,"Ordered Noise ColorFit Pro 5, received boAt Airdopes instead.",Hyderabad,2026-02-04 21:00:34.160042+00:00,2026-02-04 21:30:34.160042+00:00,ORD642071
3P1381,P3,CLOSED,Damaged product delivered,Laptop sleeve arrived with torn packaging and visible scratch on product.,Lucknow,2025-12-13 15:22:34.160042+00:00,2025-12-13 19:22:34.160042+00:00,ORD901410
1P1382,P1,OPEN,Supplier stock-out on critical item,Vendor confirmed zero stock for product ABC123 (fast-moving category). No ETA available.,Hyderabad,2026-01-13 10:47:34.160042+00:00,,ORD857712
2P1383,P2,OPEN,Priority delivery partner no-show,"Prime Blue Dart slot booked, but delivery agent marked 'not reachable' three times.",Hyderabad,2026-02-07 04:49:34.160042+00:00,,ORD247025
3P1384,P3,CLOSED,Partial order delivered,"Order had 3 items — only 1 was delivered, no communication about remaining items.",Pune,2025-12-04 08:21:34.160042+00:00,2025-12-04 08:51:34.160042+00:00,ORD434745
3P1385,P3,CLOSED,Received completely wrong product,"Ordered Noise ColorFit Pro 5, received boAt Airdopes instead.",Mumbai,2025-12-07 15:22:34.160042+00:00,2025-12-07 23:22:34.160042+00:00,ORD491061
3P1386,P3,CLOSED,Damaged product delivered,Laptop sleeve arrived with torn packaging and visible scratch on product.,Hyderabad,2025-11-25 13:34:34.160042+00:00,2025-11-26 13:34:34.160042+00:00,ORD846053
2P1387,P2,OPEN,Refund not credited within 1 business day,Prime member eligible for instant refund — amount deducted but not credited back after 36 hours.,Lucknow,2026-02-04 22:55:34.160042+00:00,,ORD207504
3P1388,P3,CLOSED,Delivery agent unreachable for last mile,Agent number +91-98XXXXXX45 not answering calls/WhatsApp since yesterday.,Indore,2026-01-29 16:39:34.160042+00:00,2026-01-29 18:39:34.160042+00:00,ORD696480
3P1389,P3,CLOSED,Received completely wrong product,"Ordered Noise ColorFit Pro 5, received boAt Airdopes instead.",Ahmedabad,2025-12-28 17:39:34.160042+00:00,2025-12-29 01:39:34.160042+00:00,ORD318550
2P1390,P2,OPEN,Refund not credited within 1 business day,Prime member eligible for instant refund — amount deducted but not credited back after 36 hours.,Delhi,2026-02-11 18:52:34.160042+00:00,,ORD603442
1P1391,P1,CLOSED,Bulk shipment stuck at customs,"Container with 12,000 units delayed at Nhava Sheva port due to documentation mismatch.",Hyderabad,2025-12-31 02:44:34.160042+00:00,2025-12-31 06:44:34.160042+00:00,ORD569704
3P1392,P3,CLOSED,Received completely wrong product,"Ordered Noise ColorFit Pro 5, received boAt Airdopes instead.",Hyderabad,2026-01-30 10:33:34.160042+00:00,2026-01-30 11:03:34.160042+00:00,ORD755718
2P1393,P2,CLOSED,Prime exclusive product out of stock after order,Order #9845123 for Prime-exclusive Echo Dot (new color) cancelled by system due to stock unavailability.,Mumbai,2026-01-15 14:28:34.160042+00:00,2026-01-15 15:28:34.160042+00:00,ORD486985
3P1394,P3,CLOSED,Payment successful but order not confirmed,"₹1,499 deducted via UPI but order status stuck at 'payment pending' for 2 days.",Hyderabad,2025-12-03 08:45:34.160042+00:00,2025-12-03 09:45:34.160042+00:00,ORD703762
3P1395,P3,CLOSED,App crashed during payment – money deducted,App closed during Paytm payment flow. Money deducted but cart still active.,Indore,2025-12-18 01:21:34.160042+00:00,2025-12-18 05:21:34.160042+00:00,ORD384866
3P1396,P3,CLOSED,Standard delivery running late by 4+ days,Order #875421 placed 7 days ago still shows 'out for delivery' status.,Chandigarh,2026-01-09 14:53:34.160042+00:00,2026-01-09 16:53:34.160042+00:00,ORD288630
2P1397,P2,OPEN,Prime same-day delivery missed,Customer in Bangalore was promised same-day delivery but order is still in 'processing' status at 8 PM.,Jaipur,2026-01-13 14:53:34.160042+00:00,,ORD394474
2P1398,P2,CLOSED,Priority delivery partner no-show,"Prime Blue Dart slot booked, but delivery agent marked 'not reachable' three times.",Hyderabad,2025-12-08 02:23:34.160042+00:00,2025-12-08 03:23:34.160042+00:00,ORD136069
3P1399,P3,CLOSED,Delivery agent unreachable for last mile,Agent number +91-98XXXXXX45 not answering calls/WhatsApp since yesterday.,Hyderabad,2026-02-11 12:37:34.160042+00:00,2026-02-11 20:37:34.160042+00:00,ORD240154
3P1400,P3,CLOSED,Partial order delivered,"Order had 3 items — only 1 was delivered, no communication about remaining items.",Indore,2025-12-26 20:48:34.160042+00:00,2025-12-26 21:18:34.160042+00:00,ORD822169
3P1401,P3,OPEN,Payment successful but order not confirmed,"₹1,499 deducted via UPI but order status stuck at 'payment pending' for 2 days.",Hyderabad,2026-01-01 19:40:34.160042+00:00,,ORD785702
3P1402,P3,OPEN,Partial order delivered,"Order had 3 items — only 1 was delivered, no communication about remaining items.",Hyderabad,2026-02-08 23:11:34.160042+00:00,,ORD448558
1P1403,P1,CLOSED,Critical supply chain failure,Entire lot of high-demand SKU XXXX-5678 has not reached the central warehouse. Expected arrival was 3 days ago. Impacts multiple cities.,Kolkata,2025-12-27 03:36:34.160042+00:00,2025-12-27 05:36:34.160042+00:00,ORD984227
1P1404,P1,CLOSED,Vendor dispatch system outage,Primary vendor's dispatch system crashed — no shipments processed in last 48 hours.,Jaipur,2025-12-24 20:34:34.160042+00:00,2025-12-24 22:34:34.160042+00:00,ORD944652
3P1405,P3,CLOSED,Damaged product delivered,Laptop sleeve arrived with torn packaging and visible scratch on product.,Delhi,2026-02-07 10:25:34.160042+00:00,2026-02-07 12:25:34.160042+00:00,ORD705415
3P1406,P3,CLOSED,Received completely wrong product,"Ordered Noise ColorFit Pro 5, received boAt Airdopes instead.",Bangalore,2026-02-11 20:40:34.160042+00:00,2026-02-11 21:40:34.160042+00:00,ORD415115
3P1407,P3,OPEN,App crashed during payment – money deducted,App closed during Paytm payment flow. Money deducted but cart still active.,Chandigarh,2026-01-30 02:38:34.160042+00:00,,ORD834970
3P1408,P3,OPEN,Damaged product delivered,Laptop sleeve arrived with torn packaging and visible scratch on product.,Chennai,2026-01-18 09:00:34.160042+00:00,,ORD515745
2P1409,P2,CLOSED,Prime exclusive product out of stock after order,Order #9845123 for Prime-exclusive Echo Dot (new color) cancelled by system due to stock unavailability.,Ahmedabad,2026-02-11 01:18:34.160042+00:00,2026-02-11 01:48:34.160042+00:00,ORD590499
3P1410,P3,CLOSED,Partial order delivered,"Order had 3 items — only 1 was delivered, no communication about remaining items.",Hyderabad,2026-02-08 00:13:34.160042+00:00,2026-02-08 04:13:34.160042+00:00,ORD983701
1P1411,P1,CLOSED,Vendor dispatch system outage,Primary vendor's dispatch system crashed — no shipments processed in last 48 hours.,Hyderabad,2025-11-24 22:49:34.160042+00:00,2025-11-25 22:49:34.160042+00:00,ORD132281
2P1412,P2,CLOSED,Priority delivery partner no-show,"Prime Blue Dart slot booked, but delivery agent marked 'not reachable' three times.",Indore,2026-01-11 19:23:34.160042+00:00,2026-01-11 21:23:34.160042+00:00,ORD537321
3P1413,P3,OPEN,Damaged product delivered,Laptop sleeve arrived with torn packaging and visible scratch on product.,Hyderabad,2026-02-01 08:11:34.160042+00:00,,ORD517215
3P1414,P3,CLOSED,Partial order delivered,"Order had 3 items — only 1 was delivered, no communication about remaining items.",Hyderabad,2026-02-06 02:22:34.160042+00:00,2026-02-06 02:52:34.160042+00:00,ORD739188
1P1415,P1,CLOSED,Warehouse inventory mismatch – critical SKU,"Physical stock of emergency item XYZ789 is 0, but system shows 450 units.",Surat,2026-01-29 22:09:34.160042+00:00,2026-01-30 06:09:34.160042+00:00,ORD225931
3P1416,P3,OPEN,Received completely wrong product,"Ordered Noise ColorFit Pro 5, received boAt Airdopes instead.",Chandigarh,2026-01-17 08:53:34.160042+00:00,,ORD785217
1P1417,P1,CLOSED,Vendor dispatch system outage,Primary vendor's dispatch system crashed — no shipments processed in last 48 hours.,Hyderabad,2026-01-09 17:45:34.160042+00:00,2026-01-09 21:45:34.160042+00:00,ORD508122
3P1418,P3,CLOSED,App crashed during payment – money deducted,App closed during Paytm payment flow. Money deducted but cart still active.,Hyderabad,2025-12-31 09:27:34.160042+00:00,2025-12-31 13:27:34.160042+00:00,ORD586432
3P1419,P3,CLOSED,Delivery agent unreachable for last mile,Agent number +91-98XXXXXX45 not answering calls/WhatsApp since yesterday.,Indore,2026-02-10 10:50:34.160042+00:00,2026-02-10 12:50:34.160042+00:00,ORD639077
3P1420,P3,CLOSED,Partial order delivered,"Order had 3 items — only 1 was delivered, no communication about remaining items.",Patna,2026-01-23 19:05:34.160042+00:00,2026-01-23 20:05:34.160042+00:00,ORD774926
3P1421,P3,CLOSED,Payment successful but order not confirmed,"₹1,499 deducted via UPI but order status stuck at 'payment pending' for 2 days.",Hyderabad,2026-02-05 19:09:34.160042+00:00,2026-02-05 20:09:34.160042+00:00,ORD397039
3P1422,P3,CLOSED,Received completely wrong product,"Ordered Noise ColorFit Pro 5, received boAt Airdopes instead.",Hyderabad,2026-02-08 23:17:34.160042+00:00,2026-02-09 03:17:34.160042+00:00,ORD281330
3P1423,P3,CLOSED,Partial order delivered,"Order had 3 items — only 1 was delivered, no communication about remaining items.",Hyderabad,2025-11-27 15:35:34.160042+00:00,2025-11-27 19:35:34.160042+00:00,ORD402488
2P1424,P2,CLOSED,Refund not credited within 1 business day,Prime member eligible for instant refund — amount deducted but not credited back after 36 hours.,Bangalore,2025-12-04 20:04:34.160042+00:00,2025-12-04 22:04:34.160042+00:00,ORD329741
3P1425,P3,CLOSED,Standard delivery running late by 4+ days,Order #875421 placed 7 days ago still shows 'out for delivery' status.,Hyderabad,2026-01-20 16:27:34.160042+00:00,2026-01-20 20:27:34.160042+00:00,ORD364069
2P1426,P2,CLOSED,Priority delivery partner no-show,"Prime Blue Dart slot booked, but delivery agent marked 'not reachable' three times.",Hyderabad,2026-01-19 09:32:34.160042+00:00,2026-01-19 13:32:34.160042+00:00,ORD721640
3P1427,P3,CLOSED,Partial order delivered,"Order had 3 items — only 1 was delivered, no communication about remaining items.",Kolkata,2025-12-04 06:04:34.160042+00:00,2025-12-04 10:04:34.160042+00:00,ORD106973
3P1428,P3,CLOSED,Standard delivery running late by 4+ days,Order #875421 placed 7 days ago still shows 'out for delivery' status.,Hyderabad,2025-12-04 08:28:34.160042+00:00,2025-12-05 08:28:34.160042+00:00,ORD195367
1P1429,P1,CLOSED,Vendor dispatch system outage,Primary vendor's dispatch system crashed — no shipments processed in last 48 hours.,Hyderabad,2025-11-27 04:17:34.160042+00:00,2025-11-27 06:17:34.160042+00:00,ORD964630
3P1430,P3,OPEN,App crashed during payment – money deducted,App closed during Paytm payment flow. Money deducted but cart still active.,Hyderabad,2025-12-09 14:17:34.160042+00:00,,ORD758168
3P1431,P3,OPEN,Received completely wrong product,"Ordered Noise ColorFit Pro 5, received boAt Airdopes instead.",Chennai,2025-12-21 17:37:34.160042+00:00,,ORD813380
2P1432,P2,CLOSED,Prime early access deal item delayed,Item from Prime Early Access sale not shipped even after 72-hour window.,Hyderabad,2026-01-11 12:38:34.160042+00:00,2026-01-11 16:38:34.160042+00:00,ORD844105
3P1433,P3,OPEN,Payment successful but order not confirmed,"₹1,499 deducted via UPI but order status stuck at 'payment pending' for 2 days.",Mumbai,2026-01-07 09:26:34.160042+00:00,,ORD453848
3P1434,P3,OPEN,Standard delivery running late by 4+ days,Order #875421 placed 7 days ago still shows 'out for delivery' status.,Chandigarh,2026-01-08 19:46:34.160042+00:00,,ORD486199
2P1435,P2,CLOSED,Prime exclusive product out of stock after order,Order #9845123 for Prime-exclusive Echo Dot (new color) cancelled by system due to stock unavailability.,Bhopal,2025-11-29 08:12:34.160042+00:00,2025-11-29 09:12:34.160042+00:00,ORD100355
2P1436,P2,CLOSED,Priority delivery partner no-show,"Prime Blue Dart slot booked, but delivery agent marked 'not reachable' three times.",Hyderabad,2025-12-24 06:53:34.160042+00:00,2025-12-24 08:53:34.160042+00:00,ORD698628
3P1437,P3,OPEN,Damaged product delivered,Laptop sleeve arrived with torn packaging and visible scratch on product.,Lucknow,2026-01-03 21:12:34.160042+00:00,,ORD713373
3P1438,P3,CLOSED,Payment successful but order not confirmed,"₹1,499 deducted via UPI but order status stuck at 'payment pending' for 2 days.",Hyderabad,2026-02-13 17:30:34.160042+00:00,2026-02-13 21:30:34.160042+00:00,ORD122639
2P1439,P2,OPEN,Prime early access deal item delayed,Item from Prime Early Access sale not shipped even after 72-hour window.,Hyderabad,2026-01-09 07:02:34.160042+00:00,,ORD133039
3P1440,P3,CLOSED,App crashed during payment – money deducted,App closed during Paytm payment flow. Money deducted but cart still active.,Surat,2025-12-13 13:18:34.160042+00:00,2025-12-13 15:18:34.160042+00:00,ORD609067
2P1441,P2,CLOSED,Refund not credited within 1 business day,Prime member eligible for instant refund — amount deducted but not credited back after 36 hours.,Hyderabad,2025-12-21 15:39:34.160042+00:00,2025-12-21 17:39:34.160042+00:00,ORD711244
3P1442,P3,OPEN,App crashed during payment – money deducted,App closed during Paytm payment flow. Money deducted but cart still active.,Hyderabad,2025-12-09 10:41:34.160042+00:00,,ORD822982
3P1443,P3,CLOSED,Standard delivery running late by 4+ days,Order #875421 placed 7 days ago still shows 'out for delivery' status.,Mumbai,2025-12-16 22:30:34.160042+00:00,2025-12-16 23:00:34.160042+00:00,ORD269109
2P1444,P2,OPEN,Refund not credited within 1 business day,Prime member eligible for instant refund — amount deducted but not credited back after 36 hours.,Ahmedabad,2026-01-15 13:46:34.160042+00:00,,ORD526852
3P1445,P3,CLOSED,Received completely wrong product,"Ordered Noise ColorFit Pro 5, received boAt Airdopes instead.",Pune,2026-01-28 04:07:34.160042+00:00,2026-01-28 05:07:34.160042+00:00,ORD999970
3P1446,P3,CLOSED,Delivery agent unreachable for last mile,Agent number +91-98XXXXXX45 not answering calls/WhatsApp since yesterday.,Kolkata,2026-02-18 06:04:34.160042+00:00,2026-02-18 08:04:34.160042+00:00,ORD997404
3P1447,P3,CLOSED,Delivery agent unreachable for last mile,Agent number +91-98XXXXXX45 not answering calls/WhatsApp since yesterday.,Chennai,2026-01-08 03:47:34.160042+00:00,2026-01-08 07:47:34.160042+00:00,ORD168587
2P1448,P2,CLOSED,Prime early access deal item delayed,Item from Prime Early Access sale not shipped even after 72-hour window.,Delhi,2025-11-27 21:37:34.160042+00:00,2025-11-28 05:37:34.160042+00:00,ORD648828
2P1449,P2,CLOSED,Prime exclusive product out of stock after order,Order #9845123 for Prime-exclusive Echo Dot (new color) cancelled by system due to stock unavailability.,Bangalore,2025-12-07 18:53:34.160042+00:00,2025-12-08 02:53:34.160042+00:00,ORD508467
3P1450,P3,OPEN,App crashed during payment – money deducted,App closed during Paytm payment flow. Money deducted but cart still active.,Chandigarh,2026-01-06 05:24:34.160042+00:00,,ORD485149
3P1451,P3,CLOSED,App crashed during payment – money deducted,App closed during Paytm payment flow. Money deducted but cart still active.,Kolkata,2026-02-01 08:40:34.160042+00:00,2026-02-01 12:40:34.160042+00:00,ORD787177
3P1452,P3,CLOSED,Received completely wrong product,"Ordered Noise ColorFit Pro 5, received boAt Airdopes instead.",Mumbai,2025-12-19 10:24:34.160042+00:00,2025-12-19 14:24:34.160042+00:00,ORD999813
3P1453,P3,CLOSED,Delivery agent unreachable for last mile,Agent number +91-98XXXXXX45 not answering calls/WhatsApp since yesterday.,Surat,2026-01-21 22:26:34.160042+00:00,2026-01-21 23:26:34.160042+00:00,ORD330937
3P1454,P3,OPEN,Payment successful but order not confirmed,"₹1,499 deducted via UPI but order status stuck at 'payment pending' for 2 days.",Pune,2026-02-19 04:43:34.160042+00:00,,ORD919418
1P1455,P1,OPEN,Vendor dispatch system outage,Primary vendor's dispatch system crashed — no shipments processed in last 48 hours.,Kolkata,2026-02-03 06:08:34.160042+00:00,,ORD424956
1P1456,P1,OPEN,Vendor dispatch system outage,Primary vendor's dispatch system crashed — no shipments processed in last 48 hours.,Jaipur,2026-01-31 05:29:34.160042+00:00,,ORD931562
3P1457,P3,OPEN,Partial order delivered,"Order had 3 items — only 1 was delivered, no communication about remaining items.",Hyderabad,2026-02-02 01:01:34.160042+00:00,,ORD450445
3P1458,P3,CLOSED,Partial order delivered,"Order had 3 items — only 1 was delivered, no communication about remaining items.",Hyderabad,2026-02-02 23:55:34.160042+00:00,2026-02-03 07:55:34.160042+00:00,ORD735374
3P1459,P3,CLOSED,Delivery agent unreachable for last mile,Agent number +91-98XXXXXX45 not answering calls/WhatsApp since yesterday.,Mumbai,2026-02-17 17:46:34.160042+00:00,2026-02-17 18:16:34.160042+00:00,ORD925850
2P1460,P2,OPEN,Prime exclusive product out of stock after order,Order #9845123 for Prime-exclusive Echo Dot (new color) cancelled by system due to stock unavailability.,Hyderabad,2025-12-03 07:36:34.160042+00:00,,ORD156768
1P1461,P1,CLOSED,Vendor dispatch system outage,Primary vendor's dispatch system crashed — no shipments processed in last 48 hours.,Indore,2026-01-28 17:26:34.160042+00:00,2026-01-29 17:26:34.160042+00:00,ORD328207
2P1462,P2,CLOSED,Refund not credited within 1 business day,Prime member eligible for instant refund — amount deducted but not credited back after 36 hours.,Jaipur,2026-01-12 10:51:34.160042+00:00,2026-01-19 10:51:34.160042+00:00,ORD704283
3P1463,P3,CLOSED,Received completely wrong product,"Ordered Noise ColorFit Pro 5, received boAt Airdopes instead.",Indore,2025-12-13 15:14:34.160042+00:00,2025-12-15 15:14:34.160042+00:00,ORD339913
2P1464,P2,CLOSED,Prime same-day delivery missed,Customer in Bangalore was promised same-day delivery but order is still in 'processing' status at 8 PM.,Hyderabad,2025-12-13 19:49:34.160042+00:00,2025-12-13 21:49:34.160042+00:00,ORD881277
3P1465,P3,CLOSED,Delivery agent unreachable for last mile,Agent number +91-98XXXXXX45 not answering calls/WhatsApp since yesterday.,Bhopal,2026-02-18 18:00:34.160042+00:00,2026-02-18 20:00:34.160042+00:00,ORD100656
2P1466,P2,CLOSED,Refund not credited within 1 business day,Prime member eligible for instant refund — amount deducted but not credited back after 36 hours.,Hyderabad,2025-12-24 03:52:34.160042+00:00,2025-12-24 11:52:34.160042+00:00,ORD932637
2P1467,P2,CLOSED,Refund not credited within 1 business day,Prime member eligible for instant refund — amount deducted but not credited back after 36 hours.,Bangalore,2026-02-15 08:52:34.160042+00:00,2026-02-15 10:52:34.160042+00:00,ORD688617
2P1468,P2,CLOSED,Prime same-day delivery missed,Customer in Bangalore was promised same-day delivery but order is still in 'processing' status at 8 PM.,Hyderabad,2026-02-06 05:26:34.160042+00:00,2026-02-08 05:26:34.160042+00:00,ORD976568
2P1469,P2,OPEN,Refund not credited within 1 business day,Prime member eligible for instant refund — amount deducted but not credited back after 36 hours.,Indore,2026-01-22 11:10:34.160042+00:00,,ORD618317
3P1470,P3,CLOSED,Standard delivery running late by 4+ days,Order #875421 placed 7 days ago still shows 'out for delivery' status.,Bangalore,2026-01-17 13:32:34.160042+00:00,2026-01-17 21:32:34.160042+00:00,ORD489493
2P1471,P2,CLOSED,Prime early access deal item delayed,Item from Prime Early Access sale not shipped even after 72-hour window.,Bhopal,2026-02-02 01:09:34.160042+00:00,2026-02-02 02:09:34.160042+00:00,ORD216083
3P1472,P3,OPEN,Delivery agent unreachable for last mile,Agent number +91-98XXXXXX45 not answering calls/WhatsApp since yesterday.,Hyderabad,2025-12-31 01:09:34.160042+00:00,,ORD498293
2P1473,P2,OPEN,Prime same-day delivery missed,Customer in Bangalore was promised same-day delivery but order is still in 'processing' status at 8 PM.,Chandigarh,2026-02-02 00:33:34.160042+00:00,,ORD610095
2P1474,P2,CLOSED,Prime exclusive product out of stock after order,Order #9845123 for Prime-exclusive Echo Dot (new color) cancelled by system due to stock unavailability.,Bhopal,2025-12-11 18:47:34.160042+00:00,2025-12-11 22:47:34.160042+00:00,ORD818995
2P1475,P2,OPEN,Refund not credited within 1 business day,Prime member eligible for instant refund — amount deducted but not credited back after 36 hours.,Chennai,2025-12-22 05:55:34.160042+00:00,,ORD225393
3P1476,P3,OPEN,Delivery agent unreachable for last mile,Agent number +91-98XXXXXX45 not answering calls/WhatsApp since yesterday.,Hyderabad,2026-01-28 08:17:34.160042+00:00,,ORD914241
2P1477,P2,OPEN,Refund not credited within 1 business day,Prime member eligible for instant refund — amount deducted but not credited back after 36 hours.,Lucknow,2025-12-12 10:38:34.160042+00:00,,ORD739370
2P1478,P2,OPEN,Refund not credited within 1 business day,Prime member eligible for instant refund — amount deducted but not credited back after 36 hours.,Jaipur,2025-12-13 02:47:34.160042+00:00,,ORD910921
3P1479,P3,CLOSED,Payment successful but order not confirmed,"₹1,499 deducted via UPI but order status stuck at 'payment pending' for 2 days.",Lucknow,2025-12-01 05:21:34.160042+00:00,2025-12-01 09:21:34.160042+00:00,ORD491640
2P1480,P2,OPEN,Priority delivery partner no-show,"Prime Blue Dart slot booked, but delivery agent marked 'not reachable' three times.",Hyderabad,2025-12-31 21:01:34.160042+00:00,,ORD230826
3P1481,P3,CLOSED,App crashed during payment – money deducted,App closed during Paytm payment flow. Money deducted but cart still active.,Bhopal,2025-12-19 13:25:34.160042+00:00,2025-12-22 13:25:34.160042+00:00,ORD221010
3P1482,P3,OPEN,Partial order delivered,"Order had 3 items — only 1 was delivered, no communication about remaining items.",Bangalore,2026-02-03 02:09:34.160042+00:00,,ORD813915
2P1483,P2,OPEN,Prime exclusive product out of stock after order,Order #9845123 for Prime-exclusive Echo Dot (new color) cancelled by system due to stock unavailability.,Mumbai,2026-01-02 18:20:34.160042+00:00,,ORD798000
3P1484,P3,OPEN,App crashed during payment – money deducted,App closed during Paytm payment flow. Money deducted but cart still active.,Hyderabad,2025-11-28 02:19:34.160042+00:00,,ORD699265
1P1485,P1,CLOSED,Supplier stock-out on critical item,Vendor confirmed zero stock for product ABC123 (fast-moving category). No ETA available.,Chennai,2025-12-05 15:35:34.160042+00:00,2025-12-05 16:35:34.160042+00:00,ORD112720
3P1486,P3,CLOSED,App crashed during payment – money deducted,App closed during Paytm payment flow. Money deducted but cart still active.,Hyderabad,2025-12-09 07:14:34.160042+00:00,2025-12-09 08:14:34.160042+00:00,ORD665026
3P1487,P3,CLOSED,Standard delivery running late by 4+ days,Order #875421 placed 7 days ago still shows 'out for delivery' status.,Mumbai,2026-01-04 15:00:34.160042+00:00,2026-01-04 16:00:34.160042+00:00,ORD565603
3P1488,P3,OPEN,Received completely wrong product,"Ordered Noise ColorFit Pro 5, received boAt Airdopes instead.",Bangalore,2025-12-23 09:05:34.160042+00:00,,ORD663721
3P1489,P3,CLOSED,Received completely wrong product,"Ordered Noise ColorFit Pro 5, received boAt Airdopes instead.",Hyderabad,2025-11-24 02:41:34.160042+00:00,2025-11-24 04:41:34.160042+00:00,ORD523851
2P1490,P2,CLOSED,Refund not credited within 1 business day,Prime member eligible for instant refund — amount deducted but not credited back after 36 hours.,Lucknow,2025-11-28 17:58:34.160042+00:00,2025-11-28 18:58:34.160042+00:00,ORD524311
1P1491,P1,CLOSED,Bulk shipment stuck at customs,"Container with 12,000 units delayed at Nhava Sheva port due to documentation mismatch.",Surat,2025-12-19 20:52:34.160042+00:00,2025-12-20 04:52:34.160042+00:00,ORD520693
3P1492,P3,CLOSED,Damaged product delivered,Laptop sleeve arrived with torn packaging and visible scratch on product.,Hyderabad,2026-02-14 23:02:34.160042+00:00,2026-02-15 03:02:34.160042+00:00,ORD726515
3P1493,P3,CLOSED,Payment successful but order not confirmed,"₹1,499 deducted via UPI but order status stuck at 'payment pending' for 2 days.",Hyderabad,2026-01-07 06:02:34.160042+00:00,2026-01-07 06:32:34.160042+00:00,ORD823953
1P1494,P1,OPEN,Vendor dispatch system outage,Primary vendor's dispatch system crashed — no shipments processed in last 48 hours.,Surat,2026-01-17 00:29:34.160042+00:00,,ORD367715
3P1495,P3,CLOSED,Partial order delivered,"Order had 3 items — only 1 was delivered, no communication about remaining items.",Hyderabad,2026-01-31 16:45:34.160042+00:00,2026-01-31 17:45:34.160042+00:00,ORD805345
2P1496,P2,CLOSED,Prime early access deal item delayed,Item from Prime Early Access sale not shipped even after 72-hour window.,Jaipur,2025-12-05 03:15:34.160042+00:00,2025-12-05 05:15:34.160042+00:00,ORD651374
2P1497,P2,CLOSED,Prime same-day delivery missed,Customer in Bangalore was promised same-day delivery but order is still in 'processing' status at 8 PM.,Hyderabad,2025-12-28 23:01:34.160042+00:00,2025-12-29 07:01:34.160042+00:00,ORD418945
1P1498,P1,OPEN,Warehouse inventory mismatch – critical SKU,"Physical stock of emergency item XYZ789 is 0, but system shows 450 units.",Chennai,2026-02-13 06:30:34.160042+00:00,,ORD263576
3P1499,P3,CLOSED,Damaged product delivered,Laptop sleeve arrived with torn packaging and visible scratch on product.,Hyderabad,2026-01-08 08:35:34.160042+00:00,2026-01-08 09:05:34.160042+00:00,ORD708213
3P1500,P3,CLOSED,App crashed during payment – money deducted,App closed during Paytm payment flow. Money deducted but cart still active.,Kolkata,2026-01-03 09:10:34.160042+00:00,2026-01-03 13:10:34.160042+00:00,ORD308791
2P1501,P2,CLOSED,Priority delivery partner no-show,"Prime Blue Dart slot booked, but delivery agent marked 'not reachable' three times.",Hyderabad,2026-02-02 14:07:34.160042+00:00,2026-02-02 16:07:34.160042+00:00,ORD784217
3P1502,P3,OPEN,Partial order delivered,"Order had 3 items — only 1 was delivered, no communication about remaining items.",Chennai,2026-02-13 06:05:34.160042+00:00,,ORD969517
3P1503,P3,OPEN,Delivery agent unreachable for last mile,Agent number +91-98XXXXXX45 not answering calls/WhatsApp since yesterday.,Hyderabad,2025-12-12 14:30:34.160042+00:00,,ORD783265
3P1504,P3,CLOSED,Damaged product delivered,Laptop sleeve arrived with torn packaging and visible scratch on product.,Hyderabad,2026-01-26 14:10:34.160042+00:00,2026-01-28 14:10:34.160042+00:00,ORD664935
2P1505,P2,OPEN,Prime exclusive product out of stock after order,Order #9845123 for Prime-exclusive Echo Dot (new color) cancelled by system due to stock unavailability.,Mumbai,2025-12-03 15:30:34.160042+00:00,,ORD883977
2P1506,P2,CLOSED,Prime early access deal item delayed,Item from Prime Early Access sale not shipped even after 72-hour window.,Jaipur,2026-02-10 02:18:34.160042+00:00,2026-02-10 10:18:34.160042+00:00,ORD970683
2P1507,P2,OPEN,Refund not credited within 1 business day,Prime member eligible for instant refund — amount deducted but not credited back after 36 hours.,Hyderabad,2026-02-02 00:37:34.160042+00:00,,ORD731794
3P1508,P3,OPEN,Damaged product delivered,Laptop sleeve arrived with torn packaging and visible scratch on product.,Surat,2025-12-28 20:52:34.160042+00:00,,ORD211138
1P1509,P1,CLOSED,Vendor dispatch system outage,Primary vendor's dispatch system crashed — no shipments processed in last 48 hours.,Chandigarh,2025-12-07 02:51:34.160042+00:00,2025-12-07 04:51:34.160042+00:00,ORD770105
3P1510,P3,OPEN,Partial order delivered,"Order had 3 items — only 1 was delivered, no communication about remaining items.",Bhopal,2026-02-17 11:39:34.160042+00:00,,ORD420088
3P1511,P3,CLOSED,Payment successful but order not confirmed,"₹1,499 deducted via UPI but order status stuck at 'payment pending' for 2 days.",Ahmedabad,2026-02-02 08:37:34.160042+00:00,2026-02-02 09:37:34.160042+00:00,ORD904338
3P1512,P3,CLOSED,Payment successful but order not confirmed,"₹1,499 deducted via UPI but order status stuck at 'payment pending' for 2 days.",Indore,2026-01-30 22:28:34.160042+00:00,2026-02-01 22:28:34.160042+00:00,ORD268069
3P1513,P3,CLOSED,Received completely wrong product,"Ordered Noise ColorFit Pro 5, received boAt Airdopes instead.",Hyderabad,2026-01-20 07:04:34.160042+00:00,2026-01-20 09:04:34.160042+00:00,ORD984988
3P1514,P3,OPEN,Delivery agent unreachable for last mile,Agent number +91-98XXXXXX45 not answering calls/WhatsApp since yesterday.,Patna,2025-12-15 13:07:34.160042+00:00,,ORD624137
3P1515,P3,OPEN,Damaged product delivered,Laptop sleeve arrived with torn packaging and visible scratch on product.,Delhi,2026-01-01 21:55:34.160042+00:00,,ORD929222
3P1516,P3,OPEN,Damaged product delivered,Laptop sleeve arrived with torn packaging and visible scratch on product.,Hyderabad,2025-12-08 16:01:34.160042+00:00,,ORD338202
3P1517,P3,CLOSED,Delivery agent unreachable for last mile,Agent number +91-98XXXXXX45 not answering calls/WhatsApp since yesterday.,Hyderabad,2026-02-06 00:05:34.160042+00:00,2026-02-06 02:05:34.160042+00:00,ORD322821
3P1518,P3,OPEN,Partial order delivered,"Order had 3 items — only 1 was delivered, no communication about remaining items.",Delhi,2026-01-25 15:25:34.160042+00:00,,ORD592529
2P1519,P2,CLOSED,Prime exclusive product out of stock after order,Order #9845123 for Prime-exclusive Echo Dot (new color) cancelled by system due to stock unavailability.,Chennai,2026-01-28 19:26:34.160042+00:00,2026-01-28 19:56:34.160042+00:00,ORD369589
3P1520,P3,CLOSED,Partial order delivered,"Order had 3 items — only 1 was delivered, no communication about remaining items.",Jaipur,2026-01-02 07:40:34.160042+00:00,2026-01-02 11:40:34.160042+00:00,ORD961639
3P1521,P3,CLOSED,App crashed during payment – money deducted,App closed during Paytm payment flow. Money deducted but cart still active.,Hyderabad,2026-02-02 01:13:34.160042+00:00,2026-02-03 01:13:34.160042+00:00,ORD356492
3P1522,P3,CLOSED,Received completely wrong product,"Ordered Noise ColorFit Pro 5, received boAt Airdopes instead.",Jaipur,2025-11-24 11:01:34.160042+00:00,2025-11-26 11:01:34.160042+00:00,ORD624086
2P1523,P2,CLOSED,Refund not credited within 1 business day,Prime member eligible for instant refund — amount deducted but not credited back after 36 hours.,Hyderabad,2025-11-25 12:54:34.160042+00:00,2025-11-27 12:54:34.160042+00:00,ORD462272
3P1524,P3,OPEN,Partial order delivered,"Order had 3 items — only 1 was delivered, no communication about remaining items.",Hyderabad,2026-01-22 16:16:34.160042+00:00,,ORD221765
3P1525,P3,CLOSED,App crashed during payment – money deducted,App closed during Paytm payment flow. Money deducted but cart still active.,Hyderabad,2026-01-31 04:42:34.160042+00:00,2026-02-03 04:42:34.160042+00:00,ORD626641
3P1526,P3,OPEN,Received completely wrong product,"Ordered Noise ColorFit Pro 5, received boAt Airdopes instead.",Patna,2025-12-08 15:26:34.160042+00:00,,ORD564935
2P1527,P2,OPEN,Prime early access deal item delayed,Item from Prime Early Access sale not shipped even after 72-hour window.,Hyderabad,2026-01-09 06:30:34.160042+00:00,,ORD139775
2P1528,P2,CLOSED,Priority delivery partner no-show,"Prime Blue Dart slot booked, but delivery agent marked 'not reachable' three times.",Indore,2025-12-08 03:49:34.160042+00:00,2025-12-08 07:49:34.160042+00:00,ORD869423
3P1529,P3,OPEN,Payment successful but order not confirmed,"₹1,499 deducted via UPI but order status stuck at 'payment pending' for 2 days.",Chennai,2026-01-18 11:43:34.160042+00:00,,ORD495023
2P1530,P2,CLOSED,Prime early access deal item delayed,Item from Prime Early Access sale not shipped even after 72-hour window.,Patna,2026-02-16 06:48:34.160042+00:00,2026-02-19 06:48:34.160042+00:00,ORD176197
3P1531,P3,CLOSED,Delivery agent unreachable for last mile,Agent number +91-98XXXXXX45 not answering calls/WhatsApp since yesterday.,Hyderabad,2025-12-09 11:15:34.160042+00:00,2025-12-11 11:15:34.160042+00:00,ORD508087
2P1532,P2,OPEN,Refund not credited within 1 business day,Prime member eligible for instant refund — amount deducted but not credited back after 36 hours.,Jaipur,2026-02-12 15:34:34.160042+00:00,,ORD450903
3P1533,P3,CLOSED,Delivery agent unreachable for last mile,Agent number +91-98XXXXXX45 not answering calls/WhatsApp since yesterday.,Mumbai,2026-02-12 01:41:34.160042+00:00,2026-02-12 05:41:34.160042+00:00,ORD820347
3P1534,P3,OPEN,Received completely wrong product,"Ordered Noise ColorFit Pro 5, received boAt Airdopes instead.",Bhopal,2026-02-19 08:10:34.160042+00:00,,ORD372549
2P1535,P2,OPEN,Priority delivery partner no-show,"Prime Blue Dart slot booked, but delivery agent marked 'not reachable' three times.",Hyderabad,2025-12-04 08:36:34.160042+00:00,,ORD351806
3P1536,P3,CLOSED,Received completely wrong product,"Ordered Noise ColorFit Pro 5, received boAt Airdopes instead.",Hyderabad,2026-02-01 09:52:34.160042+00:00,2026-02-01 10:22:34.160042+00:00,ORD721773
3P1537,P3,OPEN,App crashed during payment – money deducted,App closed during Paytm payment flow. Money deducted but cart still active.,Hyderabad,2025-12-21 01:08:34.160042+00:00,,ORD407914
3P1538,P3,CLOSED,Payment successful but order not confirmed,"₹1,499 deducted via UPI but order status stuck at 'payment pending' for 2 days.",Chandigarh,2026-01-25 00:26:34.160042+00:00,2026-01-25 04:26:34.160042+00:00,ORD821912
1P1539,P1,CLOSED,Warehouse inventory mismatch – critical SKU,"Physical stock of emergency item XYZ789 is 0, but system shows 450 units.",Bhopal,2025-12-01 18:05:34.160042+00:00,2025-12-01 19:05:34.160042+00:00,ORD245674
3P1540,P3,OPEN,Partial order delivered,"Order had 3 items — only 1 was delivered, no communication about remaining items.",Bangalore,2025-12-01 22:01:34.160042+00:00,,ORD333541
3P1541,P3,CLOSED,App crashed during payment – money deducted,App closed during Paytm payment flow. Money deducted but cart still active.,Hyderabad,2026-01-11 22:29:34.160042+00:00,2026-01-12 00:29:34.160042+00:00,ORD126143
3P1542,P3,CLOSED,Standard delivery running late by 4+ days,Order #875421 placed 7 days ago still shows 'out for delivery' status.,Pune,2026-02-09 06:06:34.160042+00:00,2026-02-09 10:06:34.160042+00:00,ORD123973
2P1543,P2,CLOSED,Prime same-day delivery missed,Customer in Bangalore was promised same-day delivery but order is still in 'processing' status at 8 PM.,Hyderabad,2026-01-06 13:38:34.160042+00:00,2026-01-06 14:08:34.160042+00:00,ORD860679
3P1544,P3,CLOSED,Standard delivery running late by 4+ days,Order #875421 placed 7 days ago still shows 'out for delivery' status.,Indore,2026-01-05 10:06:34.160042+00:00,2026-01-05 10:36:34.160042+00:00,ORD336804
3P1545,P3,OPEN,App crashed during payment – money deducted,App closed during Paytm payment flow. Money deducted but cart still active.,Jaipur,2026-01-27 08:14:34.160042+00:00,,ORD737336
2P1546,P2,OPEN,Refund not credited within 1 business day,Prime member eligible for instant refund — amount deducted but not credited back after 36 hours.,Hyderabad,2026-01-29 20:06:34.160042+00:00,,ORD139156
2P1547,P2,OPEN,Prime same-day delivery missed,Customer in Bangalore was promised same-day delivery but order is still in 'processing' status at 8 PM.,Pune,2026-01-02 14:54:34.160042+00:00,,ORD482464
3P1548,P3,CLOSED,Damaged product delivered,Laptop sleeve arrived with torn packaging and visible scratch on product.,Bangalore,2025-12-11 14:38:34.160042+00:00,2025-12-11 16:38:34.160042+00:00,ORD416317
1P1549,P1,CLOSED,Bulk shipment stuck at customs,"Container with 12,000 units delayed at Nhava Sheva port due to documentation mismatch.",Bhopal,2025-12-13 18:21:34.160042+00:00,2025-12-13 22:21:34.160042+00:00,ORD520612
3P1550,P3,CLOSED,Standard delivery running late by 4+ days,Order #875421 placed 7 days ago still shows 'out for delivery' status.,Lucknow,2026-01-12 05:43:34.160042+00:00,2026-01-15 05:43:34.160042+00:00,ORD222273
2P1551,P2,OPEN,Prime same-day delivery missed,Customer in Bangalore was promised same-day delivery but order is still in 'processing' status at 8 PM.,Pune,2026-02-04 05:24:34.160042+00:00,,ORD870659
2P1552,P2,OPEN,Priority delivery partner no-show,"Prime Blue Dart slot booked, but delivery agent marked 'not reachable' three times.",Chandigarh,2026-01-28 16:26:34.160042+00:00,,ORD229067
3P1553,P3,CLOSED,Standard delivery running late by 4+ days,Order #875421 placed 7 days ago still shows 'out for delivery' status.,Jaipur,2025-12-18 20:40:34.160042+00:00,2025-12-18 21:40:34.160042+00:00,ORD959057
3P1554,P3,OPEN,Received completely wrong product,"Ordered Noise ColorFit Pro 5, received boAt Airdopes instead.",Patna,2025-12-11 20:28:34.160042+00:00,,ORD536088
3P1555,P3,OPEN,Received completely wrong product,"Ordered Noise ColorFit Pro 5, received boAt Airdopes instead.",Hyderabad,2026-02-18 14:06:34.160042+00:00,,ORD667288
3P1556,P3,OPEN,Damaged product delivered,Laptop sleeve arrived with torn packaging and visible scratch on product.,Hyderabad,2026-01-25 10:38:34.160042+00:00,,ORD884369
3P1557,P3,OPEN,Received completely wrong product,"Ordered Noise ColorFit Pro 5, received boAt Airdopes instead.",Hyderabad,2026-01-20 20:57:34.160042+00:00,,ORD991606
3P1558,P3,CLOSED,Received completely wrong product,"Ordered Noise ColorFit Pro 5, received boAt Airdopes instead.",Hyderabad,2026-01-19 22:49:34.160042+00:00,2026-01-19 23:49:34.160042+00:00,ORD213275
3P1559,P3,CLOSED,Payment successful but order not confirmed,"₹1,499 deducted via UPI but order status stuck at 'payment pending' for 2 days.",Pune,2025-11-24 10:13:34.160042+00:00,2025-11-25 10:13:34.160042+00:00,ORD200370
2P1560,P2,OPEN,Prime exclusive product out of stock after order,Order #9845123 for Prime-exclusive Echo Dot (new color) cancelled by system due to stock unavailability.,Hyderabad,2026-01-12 08:57:34.160042+00:00,,ORD367799
3P1561,P3,OPEN,App crashed during payment – money deducted,App closed during Paytm payment flow. Money deducted but cart still active.,Bhopal,2026-01-14 21:35:34.160042+00:00,,ORD633467
3P1562,P3,CLOSED,Payment successful but order not confirmed,"₹1,499 deducted via UPI but order status stuck at 'payment pending' for 2 days.",Indore,2026-01-27 22:20:34.160042+00:00,2026-01-27 22:50:34.160042+00:00,ORD844820
3P1563,P3,CLOSED,Received completely wrong product,"Ordered Noise ColorFit Pro 5, received boAt Airdopes instead.",Hyderabad,2025-12-02 16:34:34.160042+00:00,2025-12-09 16:34:34.160042+00:00,ORD384659
3P1564,P3,CLOSED,Payment successful but order not confirmed,"₹1,499 deducted via UPI but order status stuck at 'payment pending' for 2 days.",Lucknow,2026-02-08 21:59:34.160042+00:00,2026-02-08 22:59:34.160042+00:00,ORD956860
2P1565,P2,CLOSED,Prime early access deal item delayed,Item from Prime Early Access sale not shipped even after 72-hour window.,Hyderabad,2026-01-25 04:12:34.160042+00:00,2026-01-25 06:12:34.160042+00:00,ORD460554
3P1566,P3,CLOSED,Standard delivery running late by 4+ days,Order #875421 placed 7 days ago still shows 'out for delivery' status.,Patna,2026-02-01 21:23:34.160042+00:00,2026-02-01 21:53:34.160042+00:00,ORD569839
2P1567,P2,OPEN,Priority delivery partner no-show,"Prime Blue Dart slot booked, but delivery agent marked 'not reachable' three times.",Hyderabad,2026-02-19 07:11:34.160042+00:00,,ORD520394
2P1568,P2,OPEN,Priority delivery partner no-show,"Prime Blue Dart slot booked, but delivery agent marked 'not reachable' three times.",Delhi,2026-02-02 01:20:34.160042+00:00,,ORD740382
3P1569,P3,CLOSED,Payment successful but order not confirmed,"₹1,499 deducted via UPI but order status stuck at 'payment pending' for 2 days.",Jaipur,2026-01-23 11:05:34.160042+00:00,2026-01-26 11:05:34.160042+00:00,ORD267607
3P1570,P3,CLOSED,Partial order delivered,"Order had 3 items — only 1 was delivered, no communication about remaining items.",Bhopal,2025-12-01 23:31:34.160042+00:00,2025-12-02 07:31:34.160042+00:00,ORD180910
3P1571,P3,OPEN,Damaged product delivered,Laptop sleeve arrived with torn packaging and visible scratch on product.,Pune,2026-01-28 13:39:34.160042+00:00,,ORD110984
3P1572,P3,CLOSED,Damaged product delivered,Laptop sleeve arrived with torn packaging and visible scratch on product.,Bhopal,2026-01-12 02:11:34.160042+00:00,2026-01-13 02:11:34.160042+00:00,ORD550115
3P1573,P3,CLOSED,Received completely wrong product,"Ordered Noise ColorFit Pro 5, received boAt Airdopes instead.",Jaipur,2025-12-31 03:33:34.160042+00:00,2025-12-31 04:33:34.160042+00:00,ORD794444
3P1574,P3,OPEN,Received completely wrong product,"Ordered Noise ColorFit Pro 5, received boAt Airdopes instead.",Hyderabad,2025-12-15 17:24:34.160042+00:00,,ORD833458
1P1575,P1,CLOSED,Critical supply chain failure,Entire lot of high-demand SKU XXXX-5678 has not reached the central warehouse. Expected arrival was 3 days ago. Impacts multiple cities.,Kolkata,2026-02-06 11:43:34.160042+00:00,2026-02-06 12:43:34.160042+00:00,ORD142256
3P1576,P3,CLOSED,App crashed during payment – money deducted,App closed during Paytm payment flow. Money deducted but cart still active.,Hyderabad,2026-01-16 15:17:34.160042+00:00,2026-01-16 16:17:34.160042+00:00,ORD620419
3P1577,P3,CLOSED,Received completely wrong product,"Ordered Noise ColorFit Pro 5, received boAt Airdopes instead.",Chennai,2025-12-24 15:09:34.160042+00:00,2025-12-24 16:09:34.160042+00:00,ORD121244
3P1578,P3,CLOSED,Delivery agent unreachable for last mile,Agent number +91-98XXXXXX45 not answering calls/WhatsApp since yesterday.,Hyderabad,2025-12-31 10:07:34.160042+00:00,2025-12-31 12:07:34.160042+00:00,ORD431700
3P1579,P3,CLOSED,Standard delivery running late by 4+ days,Order #875421 placed 7 days ago still shows 'out for delivery' status.,Hyderabad,2025-12-23 22:37:34.160042+00:00,2025-12-24 22:37:34.160042+00:00,ORD180685
3P1580,P3,CLOSED,Standard delivery running late by 4+ days,Order #875421 placed 7 days ago still shows 'out for delivery' status.,Hyderabad,2025-12-01 23:21:34.160042+00:00,2025-12-02 07:21:34.160042+00:00,ORD233838
3P1581,P3,OPEN,Delivery agent unreachable for last mile,Agent number +91-98XXXXXX45 not answering calls/WhatsApp since yesterday.,Kolkata,2026-02-01 04:13:34.160042+00:00,,ORD949330
3P1582,P3,CLOSED,App crashed during payment – money deducted,App closed during Paytm payment flow. Money deducted but cart still active.,Patna,2025-12-28 20:15:34.160042+00:00,2025-12-28 22:15:34.160042+00:00,ORD278660
3P1583,P3,CLOSED,Partial order delivered,"Order had 3 items — only 1 was delivered, no communication about remaining items.",Hyderabad,2026-01-18 09:56:34.160042+00:00,2026-01-18 13:56:34.160042+00:00,ORD331602
3P1584,P3,OPEN,Damaged product delivered,Laptop sleeve arrived with torn packaging and visible scratch on product.,Patna,2026-01-21 23:57:34.160042+00:00,,ORD116362
3P1585,P3,CLOSED,Payment successful but order not confirmed,"₹1,499 deducted via UPI but order status stuck at 'payment pending' for 2 days.",Pune,2025-12-15 14:35:34.160042+00:00,2025-12-15 16:35:34.160042+00:00,ORD932515
3P1586,P3,CLOSED,Standard delivery running late by 4+ days,Order #875421 placed 7 days ago still shows 'out for delivery' status.,Pune,2026-01-19 11:28:34.160042+00:00,2026-01-19 15:28:34.160042+00:00,ORD723180
2P1587,P2,CLOSED,Prime exclusive product out of stock after order,Order #9845123 for Prime-exclusive Echo Dot (new color) cancelled by system due to stock unavailability.,Lucknow,2026-01-27 04:54:34.160042+00:00,2026-01-27 05:54:34.160042+00:00,ORD129779
3P1588,P3,CLOSED,Standard delivery running late by 4+ days,Order #875421 placed 7 days ago still shows 'out for delivery' status.,Bangalore,2026-01-04 07:09:34.160042+00:00,2026-01-04 09:09:34.160042+00:00,ORD379383
3P1589,P3,CLOSED,Payment successful but order not confirmed,"₹1,499 deducted via UPI but order status stuck at 'payment pending' for 2 days.",Chennai,2025-12-05 20:55:34.160042+00:00,2025-12-05 21:55:34.160042+00:00,ORD925187
1P1590,P1,CLOSED,Critical supply chain failure,Entire lot of high-demand SKU XXXX-5678 has not reached the central warehouse. Expected arrival was 3 days ago. Impacts multiple cities.,Delhi,2026-01-13 12:54:34.160042+00:00,2026-01-13 14:54:34.160042+00:00,ORD302891
3P1591,P3,CLOSED,App crashed during payment – money deducted,App closed during Paytm payment flow. Money deducted but cart still active.,Hyderabad,2026-01-20 09:15:34.160042+00:00,2026-01-20 13:15:34.160042+00:00,ORD867334
1P1592,P1,OPEN,Vendor dispatch system outage,Primary vendor's dispatch system crashed — no shipments processed in last 48 hours.,Patna,2026-01-14 03:40:34.160042+00:00,,ORD466499
2P1593,P2,CLOSED,Prime early access deal item delayed,Item from Prime Early Access sale not shipped even after 72-hour window.,Hyderabad,2026-01-13 04:32:34.160042+00:00,2026-01-13 05:32:34.160042+00:00,ORD763804
3P1594,P3,CLOSED,Damaged product delivered,Laptop sleeve arrived with torn packaging and visible scratch on product.,Lucknow,2026-02-03 18:13:34.160042+00:00,2026-02-04 02:13:34.160042+00:00,ORD654409
3P1595,P3,OPEN,Partial order delivered,"Order had 3 items — only 1 was delivered, no communication about remaining items.",Hyderabad,2026-01-22 16:57:34.160042+00:00,,ORD417256
2P1596,P2,CLOSED,Prime exclusive product out of stock after order,Order #9845123 for Prime-exclusive Echo Dot (new color) cancelled by system due to stock unavailability.,Delhi,2025-12-17 05:06:34.160042+00:00,2025-12-17 07:06:34.160042+00:00,ORD837988
3P1597,P3,CLOSED,Damaged product delivered,Laptop sleeve arrived with torn packaging and visible scratch on product.,Hyderabad,2025-11-27 14:46:34.160042+00:00,2025-11-27 16:46:34.160042+00:00,ORD249626
2P1598,P2,OPEN,Prime early access deal item delayed,Item from Prime Early Access sale not shipped even after 72-hour window.,Pune,2026-02-04 16:42:34.160042+00:00,,ORD983051
2P1599,P2,CLOSED,Priority delivery partner no-show,"Prime Blue Dart slot booked, but delivery agent marked 'not reachable' three times.",Hyderabad,2025-12-02 14:38:34.160042+00:00,2025-12-02 15:08:34.160042+00:00,ORD739823
3P1600,P3,CLOSED,Standard delivery running late by 4+ days,Order #875421 placed 7 days ago still shows 'out for delivery' status.,Ahmedabad,2025-12-21 08:49:34.160042+00:00,2025-12-23 08:49:34.160042+00:00,ORD283635
3P1601,P3,CLOSED,Received completely wrong product,"Ordered Noise ColorFit Pro 5, received boAt Airdopes instead.",Jaipur,2026-02-03 06:51:34.160042+00:00,2026-02-05 06:51:34.160042+00:00,ORD386305
3P1602,P3,CLOSED,Delivery agent unreachable for last mile,Agent number +91-98XXXXXX45 not answering calls/WhatsApp since yesterday.,Hyderabad,2026-01-06 10:16:34.160042+00:00,2026-01-06 14:16:34.160042+00:00,ORD879302
2P1603,P2,CLOSED,Prime same-day delivery missed,Customer in Bangalore was promised same-day delivery but order is still in 'processing' status at 8 PM.,Hyderabad,2025-12-28 02:54:34.160042+00:00,2025-12-28 03:24:34.160042+00:00,ORD403337
3P1604,P3,OPEN,Received completely wrong product,"Ordered Noise ColorFit Pro 5, received boAt Airdopes instead.",Hyderabad,2026-01-06 02:58:34.160042+00:00,,ORD454053
3P1605,P3,CLOSED,App crashed during payment – money deducted,App closed during Paytm payment flow. Money deducted but cart still active.,Delhi,2026-01-06 07:37:34.160042+00:00,2026-01-07 07:37:34.160042+00:00,ORD824155
1P1606,P1,OPEN,Supplier stock-out on critical item,Vendor confirmed zero stock for product ABC123 (fast-moving category). No ETA available.,Hyderabad,2026-01-24 07:41:34.160042+00:00,,ORD588680
2P1607,P2,CLOSED,Refund not credited within 1 business day,Prime member eligible for instant refund — amount deducted but not credited back after 36 hours.,Jaipur,2026-01-23 10:49:34.160042+00:00,2026-01-23 11:49:34.160042+00:00,ORD208447
3P1608,P3,OPEN,App crashed during payment – money deducted,App closed during Paytm payment flow. Money deducted but cart still active.,Indore,2026-01-08 10:52:34.160042+00:00,,ORD275903
2P1609,P2,CLOSED,Prime early access deal item delayed,Item from Prime Early Access sale not shipped even after 72-hour window.,Delhi,2025-12-16 17:48:34.160042+00:00,2025-12-16 18:18:34.160042+00:00,ORD669805
3P1610,P3,CLOSED,Delivery agent unreachable for last mile,Agent number +91-98XXXXXX45 not answering calls/WhatsApp since yesterday.,Lucknow,2025-12-30 15:31:34.160042+00:00,2025-12-30 17:31:34.160042+00:00,ORD508332
3P1611,P3,CLOSED,Damaged product delivered,Laptop sleeve arrived with torn packaging and visible scratch on product.,Hyderabad,2025-12-12 23:56:34.160042+00:00,2025-12-13 03:56:34.160042+00:00,ORD387034
2P1612,P2,OPEN,Prime same-day delivery missed,Customer in Bangalore was promised same-day delivery but order is still in 'processing' status at 8 PM.,Hyderabad,2025-11-24 18:44:34.160042+00:00,,ORD283329
1P1613,P1,OPEN,Bulk shipment stuck at customs,"Container with 12,000 units delayed at Nhava Sheva port due to documentation mismatch.",Hyderabad,2026-01-04 17:40:34.160042+00:00,,ORD773157
2P1614,P2,CLOSED,Priority delivery partner no-show,"Prime Blue Dart slot booked, but delivery agent marked 'not reachable' three times.",Hyderabad,2026-02-06 02:18:34.160042+00:00,2026-02-08 02:18:34.160042+00:00,ORD245401
2P1615,P2,OPEN,Priority delivery partner no-show,"Prime Blue Dart slot booked, but delivery agent marked 'not reachable' three times.",Pune,2026-01-13 20:55:34.160042+00:00,,ORD900081
3P1616,P3,OPEN,Delivery agent unreachable for last mile,Agent number +91-98XXXXXX45 not answering calls/WhatsApp since yesterday.,Hyderabad,2026-01-09 02:52:34.160042+00:00,,ORD921256
3P1617,P3,OPEN,Standard delivery running late by 4+ days,Order #875421 placed 7 days ago still shows 'out for delivery' status.,Pune,2026-01-18 00:37:34.160042+00:00,,ORD620153
3P1618,P3,CLOSED,Delivery agent unreachable for last mile,Agent number +91-98XXXXXX45 not answering calls/WhatsApp since yesterday.,Hyderabad,2025-12-11 18:49:34.160042+00:00,2025-12-11 20:49:34.160042+00:00,ORD673751
3P1619,P3,CLOSED,Delivery agent unreachable for last mile,Agent number +91-98XXXXXX45 not answering calls/WhatsApp since yesterday.,Hyderabad,2026-02-02 14:31:34.160042+00:00,2026-02-03 14:31:34.160042+00:00,ORD237010
3P1620,P3,CLOSED,App crashed during payment – money deducted,App closed during Paytm payment flow. Money deducted but cart still active.,Hyderabad,2026-01-05 11:15:34.160042+00:00,2026-01-05 19:15:34.160042+00:00,ORD893950
3P1621,P3,OPEN,Damaged product delivered,Laptop sleeve arrived with torn packaging and visible scratch on product.,Mumbai,2026-02-08 10:46:34.160042+00:00,,ORD798963
3P1622,P3,CLOSED,Payment successful but order not confirmed,"₹1,499 deducted via UPI but order status stuck at 'payment pending' for 2 days.",Hyderabad,2026-02-02 12:26:34.160042+00:00,2026-02-02 14:26:34.160042+00:00,ORD494242
3P1623,P3,CLOSED,Standard delivery running late by 4+ days,Order #875421 placed 7 days ago still shows 'out for delivery' status.,Jaipur,2025-11-30 08:22:34.160042+00:00,2025-11-30 09:22:34.160042+00:00,ORD286005
3P1624,P3,OPEN,Payment successful but order not confirmed,"₹1,499 deducted via UPI but order status stuck at 'payment pending' for 2 days.",Delhi,2026-02-07 08:05:34.160042+00:00,,ORD151529
2P1625,P2,OPEN,Prime exclusive product out of stock after order,Order #9845123 for Prime-exclusive Echo Dot (new color) cancelled by system due to stock unavailability.,Hyderabad,2025-12-19 07:26:34.160042+00:00,,ORD129801
3P1626,P3,CLOSED,App crashed during payment – money deducted,App closed during Paytm payment flow. Money deducted but cart still active.,Hyderabad,2025-12-20 21:21:34.160042+00:00,2025-12-20 22:21:34.160042+00:00,ORD595702
3P1627,P3,CLOSED,App crashed during payment – money deducted,App closed during Paytm payment flow. Money deducted but cart still active.,Hyderabad,2026-02-06 14:06:34.160042+00:00,2026-02-06 16:06:34.160042+00:00,ORD193041
2P1628,P2,OPEN,Prime exclusive product out of stock after order,Order #9845123 for Prime-exclusive Echo Dot (new color) cancelled by system due to stock unavailability.,Bangalore,2025-12-11 10:24:34.160042+00:00,,ORD484435
1P1629,P1,CLOSED,Vendor dispatch system outage,Primary vendor's dispatch system crashed — no shipments processed in last 48 hours.,Mumbai,2026-02-15 19:02:34.160042+00:00,2026-02-16 03:02:34.160042+00:00,ORD933014
3P1630,P3,OPEN,Payment successful but order not confirmed,"₹1,499 deducted via UPI but order status stuck at 'payment pending' for 2 days.",Hyderabad,2025-12-30 02:26:34.160042+00:00,,ORD531928
1P1631,P1,CLOSED,Warehouse inventory mismatch – critical SKU,"Physical stock of emergency item XYZ789 is 0, but system shows 450 units.",Bangalore,2026-01-21 12:13:34.160042+00:00,2026-01-21 12:43:34.160042+00:00,ORD293291
3P1632,P3,OPEN,Damaged product delivered,Laptop sleeve arrived with torn packaging and visible scratch on product.,Hyderabad,2026-01-15 22:27:34.160042+00:00,,ORD626020
3P1633,P3,OPEN,Partial order delivered,"Order had 3 items — only 1 was delivered, no communication about remaining items.",Bhopal,2025-12-20 13:42:34.160042+00:00,,ORD149618
3P1634,P3,CLOSED,Payment successful but order not confirmed,"₹1,499 deducted via UPI but order status stuck at 'payment pending' for 2 days.",Surat,2025-12-02 18:37:34.160042+00:00,2025-12-02 19:07:34.160042+00:00,ORD491431
3P1635,P3,CLOSED,Received completely wrong product,"Ordered Noise ColorFit Pro 5, received boAt Airdopes instead.",Kolkata,2026-01-15 20:56:34.160042+00:00,2026-01-15 21:56:34.160042+00:00,ORD561108
3P1636,P3,CLOSED,Damaged product delivered,Laptop sleeve arrived with torn packaging and visible scratch on product.,Chennai,2025-11-30 16:05:34.160042+00:00,2025-11-30 18:05:34.160042+00:00,ORD324222
3P1637,P3,OPEN,Delivery agent unreachable for last mile,Agent number +91-98XXXXXX45 not answering calls/WhatsApp since yesterday.,Ahmedabad,2026-01-17 22:47:34.160042+00:00,,ORD356787
2P1638,P2,CLOSED,Prime early access deal item delayed,Item from Prime Early Access sale not shipped even after 72-hour window.,Jaipur,2025-12-03 16:27:34.160042+00:00,2025-12-04 00:27:34.160042+00:00,ORD125340
2P1639,P2,CLOSED,Priority delivery partner no-show,"Prime Blue Dart slot booked, but delivery agent marked 'not reachable' three times.",Jaipur,2026-02-03 03:17:34.160042+00:00,2026-02-03 05:17:34.160042+00:00,ORD742234
3P1640,P3,CLOSED,Received completely wrong product,"Ordered Noise ColorFit Pro 5, received boAt Airdopes instead.",Hyderabad,2025-12-21 19:22:34.160042+00:00,2025-12-21 20:22:34.160042+00:00,ORD737352
3P1641,P3,OPEN,Partial order delivered,"Order had 3 items — only 1 was delivered, no communication about remaining items.",Ahmedabad,2025-12-09 14:51:34.160042+00:00,,ORD507943
3P1642,P3,OPEN,Delivery agent unreachable for last mile,Agent number +91-98XXXXXX45 not answering calls/WhatsApp since yesterday.,Jaipur,2026-01-22 08:37:34.160042+00:00,,ORD494397
3P1643,P3,CLOSED,Payment successful but order not confirmed,"₹1,499 deducted via UPI but order status stuck at 'payment pending' for 2 days.",Hyderabad,2026-02-02 19:56:34.160042+00:00,2026-02-03 03:56:34.160042+00:00,ORD529302
3P1644,P3,OPEN,Received completely wrong product,"Ordered Noise ColorFit Pro 5, received boAt Airdopes instead.",Hyderabad,2026-01-04 05:07:34.160042+00:00,,ORD551399
3P1645,P3,CLOSED,Delivery agent unreachable for last mile,Agent number +91-98XXXXXX45 not answering calls/WhatsApp since yesterday.,Mumbai,2025-12-23 09:54:34.160042+00:00,2025-12-26 09:54:34.160042+00:00,ORD504348
3P1646,P3,CLOSED,Damaged product delivered,Laptop sleeve arrived with torn packaging and visible scratch on product.,Hyderabad,2026-02-07 20:18:34.160042+00:00,2026-02-07 21:18:34.160042+00:00,ORD568710
3P1647,P3,OPEN,Damaged product delivered,Laptop sleeve arrived with torn packaging and visible scratch on product.,Hyderabad,2026-01-23 06:58:34.160042+00:00,,ORD517770
2P1648,P2,CLOSED,Prime early access deal item delayed,Item from Prime Early Access sale not shipped even after 72-hour window.,Pune,2025-12-13 11:57:34.160042+00:00,2025-12-13 13:57:34.160042+00:00,ORD950657
3P1649,P3,OPEN,Standard delivery running late by 4+ days,Order #875421 placed 7 days ago still shows 'out for delivery' status.,Chennai,2026-01-12 18:23:34.160042+00:00,,ORD891215
2P1650,P2,CLOSED,Refund not credited within 1 business day,Prime member eligible for instant refund — amount deducted but not credited back after 36 hours.,Delhi,2025-12-12 08:00:34.160042+00:00,2025-12-12 09:00:34.160042+00:00,ORD363596
3P1651,P3,CLOSED,Standard delivery running late by 4+ days,Order #875421 placed 7 days ago still shows 'out for delivery' status.,Indore,2026-01-24 16:28:34.160042+00:00,2026-01-24 16:58:34.160042+00:00,ORD372795
2P1652,P2,OPEN,Priority delivery partner no-show,"Prime Blue Dart slot booked, but delivery agent marked 'not reachable' three times.",Hyderabad,2026-01-02 12:50:34.160042+00:00,,ORD702973
1P1653,P1,CLOSED,Supplier stock-out on critical item,Vendor confirmed zero stock for product ABC123 (fast-moving category). No ETA available.,Bhopal,2025-12-23 19:47:34.160042+00:00,2025-12-23 20:47:34.160042+00:00,ORD300689
3P1654,P3,CLOSED,Delivery agent unreachable for last mile,Agent number +91-98XXXXXX45 not answering calls/WhatsApp since yesterday.,Hyderabad,2025-12-04 21:24:34.160042+00:00,2025-12-04 23:24:34.160042+00:00,ORD173491
2P1655,P2,CLOSED,Prime same-day delivery missed,Customer in Bangalore was promised same-day delivery but order is still in 'processing' status at 8 PM.,Surat,2026-01-15 06:22:34.160042+00:00,2026-01-15 07:22:34.160042+00:00,ORD257523
2P1656,P2,OPEN,Prime same-day delivery missed,Customer in Bangalore was promised same-day delivery but order is still in 'processing' status at 8 PM.,Mumbai,2025-12-22 19:56:34.160042+00:00,,ORD814480
2P1657,P2,CLOSED,Priority delivery partner no-show,"Prime Blue Dart slot booked, but delivery agent marked 'not reachable' three times.",Surat,2026-01-26 12:27:34.160042+00:00,2026-01-26 14:27:34.160042+00:00,ORD254279
3P1658,P3,CLOSED,Damaged product delivered,Laptop sleeve arrived with torn packaging and visible scratch on product.,Hyderabad,2026-01-06 06:23:34.160042+00:00,2026-01-06 14:23:34.160042+00:00,ORD751940
3P1659,P3,CLOSED,Standard delivery running late by 4+ days,Order #875421 placed 7 days ago still shows 'out for delivery' status.,Pune,2026-01-18 15:25:34.160042+00:00,2026-01-18 15:55:34.160042+00:00,ORD402812
3P1660,P3,CLOSED,Standard delivery running late by 4+ days,Order #875421 placed 7 days ago still shows 'out for delivery' status.,Bhopal,2026-01-09 17:41:34.160042+00:00,2026-01-11 17:41:34.160042+00:00,ORD467185
3P1661,P3,OPEN,Payment successful but order not confirmed,"₹1,499 deducted via UPI but order status stuck at 'payment pending' for 2 days.",Bhopal,2026-01-08 15:50:34.160042+00:00,,ORD313680
2P1662,P2,CLOSED,Priority delivery partner no-show,"Prime Blue Dart slot booked, but delivery agent marked 'not reachable' three times.",Chandigarh,2026-01-13 03:04:34.160042+00:00,2026-01-13 07:04:34.160042+00:00,ORD766968
3P1663,P3,OPEN,Standard delivery running late by 4+ days,Order #875421 placed 7 days ago still shows 'out for delivery' status.,Bangalore,2026-01-27 03:16:34.160042+00:00,,ORD950300
3P1664,P3,CLOSED,Damaged product delivered,Laptop sleeve arrived with torn packaging and visible scratch on product.,Patna,2025-12-29 09:56:34.160042+00:00,2025-12-29 10:56:34.160042+00:00,ORD785596
3P1665,P3,OPEN,Payment successful but order not confirmed,"₹1,499 deducted via UPI but order status stuck at 'payment pending' for 2 days.",Pune,2026-02-13 18:59:34.160042+00:00,,ORD474508
1P1666,P1,OPEN,Critical supply chain failure,Entire lot of high-demand SKU XXXX-5678 has not reached the central warehouse. Expected arrival was 3 days ago. Impacts multiple cities.,Hyderabad,2025-12-31 18:31:34.160042+00:00,,ORD577470
3P1667,P3,CLOSED,Damaged product delivered,Laptop sleeve arrived with torn packaging and visible scratch on product.,Hyderabad,2025-12-18 21:54:34.160042+00:00,2025-12-18 22:24:34.160042+00:00,ORD977316
3P1668,P3,CLOSED,Received completely wrong product,"Ordered Noise ColorFit Pro 5, received boAt Airdopes instead.",Hyderabad,2026-01-20 08:21:34.160042+00:00,2026-01-20 10:21:34.160042+00:00,ORD807717
2P1669,P2,CLOSED,Prime same-day delivery missed,Customer in Bangalore was promised same-day delivery but order is still in 'processing' status at 8 PM.,Hyderabad,2026-01-02 10:53:34.160042+00:00,2026-01-02 14:53:34.160042+00:00,ORD781885
3P1670,P3,CLOSED,Partial order delivered,"Order had 3 items — only 1 was delivered, no communication about remaining items.",Hyderabad,2026-02-12 14:58:34.160042+00:00,2026-02-12 16:58:34.160042+00:00,ORD510369
3P1671,P3,CLOSED,Partial order delivered,"Order had 3 items — only 1 was delivered, no communication about remaining items.",Hyderabad,2025-11-27 05:35:34.160042+00:00,2025-11-28 05:35:34.160042+00:00,ORD440652
3P1672,P3,CLOSED,Damaged product delivered,Laptop sleeve arrived with torn packaging and visible scratch on product.,Patna,2026-01-28 23:09:34.160042+00:00,2026-01-29 00:09:34.160042+00:00,ORD120621
3P1673,P3,OPEN,App crashed during payment – money deducted,App closed during Paytm payment flow. Money deducted but cart still active.,Hyderabad,2026-01-09 08:34:34.160042+00:00,,ORD944169
3P1674,P3,OPEN,Delivery agent unreachable for last mile,Agent number +91-98XXXXXX45 not answering calls/WhatsApp since yesterday.,Hyderabad,2026-01-08 19:18:34.160042+00:00,,ORD336355
3P1675,P3,OPEN,Payment successful but order not confirmed,"₹1,499 deducted via UPI but order status stuck at 'payment pending' for 2 days.",Chennai,2025-12-20 15:11:34.160042+00:00,,ORD107580
3P1676,P3,CLOSED,Partial order delivered,"Order had 3 items — only 1 was delivered, no communication about remaining items.",Lucknow,2026-02-12 18:49:34.160042+00:00,2026-02-12 19:49:34.160042+00:00,ORD430890
3P1677,P3,CLOSED,Damaged product delivered,Laptop sleeve arrived with torn packaging and visible scratch on product.,Mumbai,2025-12-31 00:14:34.160042+00:00,2026-01-02 00:14:34.160042+00:00,ORD861835
3P1678,P3,CLOSED,Partial order delivered,"Order had 3 items — only 1 was delivered, no communication about remaining items.",Hyderabad,2026-01-01 22:19:34.160042+00:00,2026-01-01 22:49:34.160042+00:00,ORD870330
3P1679,P3,OPEN,Delivery agent unreachable for last mile,Agent number +91-98XXXXXX45 not answering calls/WhatsApp since yesterday.,Surat,2026-01-24 07:34:34.160042+00:00,,ORD565335
3P1680,P3,CLOSED,Standard delivery running late by 4+ days,Order #875421 placed 7 days ago still shows 'out for delivery' status.,Bangalore,2025-12-17 00:10:34.160042+00:00,2025-12-18 00:10:34.160042+00:00,ORD327688
3P1681,P3,CLOSED,Standard delivery running late by 4+ days,Order #875421 placed 7 days ago still shows 'out for delivery' status.,Hyderabad,2025-11-25 06:52:34.160042+00:00,2025-11-25 14:52:34.160042+00:00,ORD722563
3P1682,P3,CLOSED,Delivery agent unreachable for last mile,Agent number +91-98XXXXXX45 not answering calls/WhatsApp since yesterday.,Chennai,2025-12-31 19:39:34.160042+00:00,2025-12-31 23:39:34.160042+00:00,ORD384519
3P1683,P3,CLOSED,Damaged product delivered,Laptop sleeve arrived with torn packaging and visible scratch on product.,Surat,2026-01-07 08:56:34.160042+00:00,2026-01-07 16:56:34.160042+00:00,ORD460505
3P1684,P3,CLOSED,Received completely wrong product,"Ordered Noise ColorFit Pro 5, received boAt Airdopes instead.",Hyderabad,2026-01-25 02:21:34.160042+00:00,2026-01-25 03:21:34.160042+00:00,ORD456451
3P1685,P3,CLOSED,Delivery agent unreachable for last mile,Agent number +91-98XXXXXX45 not answering calls/WhatsApp since yesterday.,Chandigarh,2025-12-15 00:22:34.160042+00:00,2025-12-15 08:22:34.160042+00:00,ORD388090
3P1686,P3,CLOSED,Payment successful but order not confirmed,"₹1,499 deducted via UPI but order status stuck at 'payment pending' for 2 days.",Hyderabad,2026-01-01 17:24:34.160042+00:00,2026-01-01 18:24:34.160042+00:00,ORD870486
3P1687,P3,OPEN,Payment successful but order not confirmed,"₹1,499 deducted via UPI but order status stuck at 'payment pending' for 2 days.",Hyderabad,2026-02-04 09:35:34.160042+00:00,,ORD996998
3P1688,P3,CLOSED,Partial order delivered,"Order had 3 items — only 1 was delivered, no communication about remaining items.",Bhopal,2026-01-29 06:52:34.160042+00:00,2026-01-29 14:52:34.160042+00:00,ORD486174
3P1689,P3,OPEN,Received completely wrong product,"Ordered Noise ColorFit Pro 5, received boAt Airdopes instead.",Ahmedabad,2025-12-28 00:03:34.160042+00:00,,ORD881539
3P1690,P3,OPEN,Partial order delivered,"Order had 3 items — only 1 was delivered, no communication about remaining items.",Hyderabad,2026-01-04 10:06:34.160042+00:00,,ORD852925
3P1691,P3,CLOSED,Partial order delivered,"Order had 3 items — only 1 was delivered, no communication about remaining items.",Ahmedabad,2025-11-23 15:39:34.160042+00:00,2025-11-25 15:39:34.160042+00:00,ORD277698
3P1692,P3,CLOSED,Received completely wrong product,"Ordered Noise ColorFit Pro 5, received boAt Airdopes instead.",Delhi,2026-01-14 15:21:34.160042+00:00,2026-01-14 17:21:34.160042+00:00,ORD197660
3P1693,P3,CLOSED,Damaged product delivered,Laptop sleeve arrived with torn packaging and visible scratch on product.,Hyderabad,2026-01-02 13:18:34.160042+00:00,2026-01-02 14:18:34.160042+00:00,ORD910549
1P1694,P1,CLOSED,Bulk shipment stuck at customs,"Container with 12,000 units delayed at Nhava Sheva port due to documentation mismatch.",Hyderabad,2025-12-04 14:38:34.160042+00:00,2025-12-04 15:38:34.160042+00:00,ORD112499
3P1695,P3,OPEN,Payment successful but order not confirmed,"₹1,499 deducted via UPI but order status stuck at 'payment pending' for 2 days.",Lucknow,2025-11-28 08:13:34.160042+00:00,,ORD186333
2P1696,P2,CLOSED,Prime early access deal item delayed,Item from Prime Early Access sale not shipped even after 72-hour window.,Delhi,2025-12-25 16:39:34.160042+00:00,2025-12-25 17:39:34.160042+00:00,ORD858691
3P1697,P3,CLOSED,Payment successful but order not confirmed,"₹1,499 deducted via UPI but order status stuck at 'payment pending' for 2 days.",Jaipur,2026-01-16 11:59:34.160042+00:00,2026-01-16 12:29:34.160042+00:00,ORD201690
3P1698,P3,OPEN,Delivery agent unreachable for last mile,Agent number +91-98XXXXXX45 not answering calls/WhatsApp since yesterday.,Chandigarh,2026-02-05 00:01:34.160042+00:00,,ORD312863
3P1699,P3,CLOSED,Received completely wrong product,"Ordered Noise ColorFit Pro 5, received boAt Airdopes instead.",Kolkata,2026-01-28 15:53:34.160042+00:00,2026-01-31 15:53:34.160042+00:00,ORD659111
3P1700,P3,CLOSED,App crashed during payment – money deducted,App closed during Paytm payment flow. Money deducted but cart still active.,Bangalore,2026-02-16 16:11:34.160042+00:00,2026-02-16 17:11:34.160042+00:00,ORD396121
1P1701,P1,CLOSED,Critical supply chain failure,Entire lot of high-demand SKU XXXX-5678 has not reached the central warehouse. Expected arrival was 3 days ago. Impacts multiple cities.,Pune,2026-02-14 04:25:34.160042+00:00,2026-02-21 04:25:34.160042+00:00,ORD588316
3P1702,P3,CLOSED,Delivery agent unreachable for last mile,Agent number +91-98XXXXXX45 not answering calls/WhatsApp since yesterday.,Hyderabad,2025-11-28 03:14:34.160042+00:00,2025-11-29 03:14:34.160042+00:00,ORD311779
3P1703,P3,OPEN,Standard delivery running late by 4+ days,Order #875421 placed 7 days ago still shows 'out for delivery' status.,Hyderabad,2026-02-11 21:50:34.160042+00:00,,ORD161322
3P1704,P3,CLOSED,App crashed during payment – money deducted,App closed during Paytm payment flow. Money deducted but cart still active.,Mumbai,2025-12-05 15:11:34.160042+00:00,2025-12-05 17:11:34.160042+00:00,ORD450763
2P1705,P2,OPEN,Prime exclusive product out of stock after order,Order #9845123 for Prime-exclusive Echo Dot (new color) cancelled by system due to stock unavailability.,Chandigarh,2026-01-22 08:57:34.160042+00:00,,ORD306919
2P1706,P2,CLOSED,Prime early access deal item delayed,Item from Prime Early Access sale not shipped even after 72-hour window.,Indore,2026-01-10 12:06:34.160042+00:00,2026-01-10 20:06:34.160042+00:00,ORD213436
3P1707,P3,OPEN,Delivery agent unreachable for last mile,Agent number +91-98XXXXXX45 not answering calls/WhatsApp since yesterday.,Hyderabad,2026-01-07 09:21:34.160042+00:00,,ORD311962
3P1708,P3,CLOSED,Delivery agent unreachable for last mile,Agent number +91-98XXXXXX45 not answering calls/WhatsApp since yesterday.,Chennai,2026-02-07 22:42:34.160042+00:00,2026-02-09 22:42:34.160042+00:00,ORD872517
1P1709,P1,CLOSED,Bulk shipment stuck at customs,"Container with 12,000 units delayed at Nhava Sheva port due to documentation mismatch.",Bangalore,2026-01-24 14:32:34.160042+00:00,2026-01-24 15:32:34.160042+00:00,ORD500094
3P1710,P3,OPEN,Payment successful but order not confirmed,"₹1,499 deducted via UPI but order status stuck at 'payment pending' for 2 days.",Hyderabad,2026-01-22 00:03:34.160042+00:00,,ORD442037
3P1711,P3,OPEN,Received completely wrong product,"Ordered Noise ColorFit Pro 5, received boAt Airdopes instead.",Mumbai,2026-01-16 23:57:34.160042+00:00,,ORD317422
3P1712,P3,OPEN,Received completely wrong product,"Ordered Noise ColorFit Pro 5, received boAt Airdopes instead.",Chandigarh,2025-12-26 22:34:34.160042+00:00,,ORD244566
2P1713,P2,CLOSED,Prime same-day delivery missed,Customer in Bangalore was promised same-day delivery but order is still in 'processing' status at 8 PM.,Patna,2026-01-11 04:09:34.160042+00:00,2026-01-11 08:09:34.160042+00:00,ORD564688
3P1714,P3,OPEN,App crashed during payment – money deducted,App closed during Paytm payment flow. Money deducted but cart still active.,Chennai,2025-12-25 23:54:34.160042+00:00,,ORD548257
3P1715,P3,OPEN,Standard delivery running late by 4+ days,Order #875421 placed 7 days ago still shows 'out for delivery' status.,Jaipur,2026-02-05 18:59:34.160042+00:00,,ORD507841
3P1716,P3,CLOSED,Delivery agent unreachable for last mile,Agent number +91-98XXXXXX45 not answering calls/WhatsApp since yesterday.,Hyderabad,2025-12-07 19:01:34.160042+00:00,2025-12-07 23:01:34.160042+00:00,ORD592216
3P1717,P3,CLOSED,Partial order delivered,"Order had 3 items — only 1 was delivered, no communication about remaining items.",Ahmedabad,2025-12-30 02:36:34.160042+00:00,2025-12-30 04:36:34.160042+00:00,ORD320407
3P1718,P3,CLOSED,Partial order delivered,"Order had 3 items — only 1 was delivered, no communication about remaining items.",Hyderabad,2025-12-14 04:16:34.160042+00:00,2025-12-14 05:16:34.160042+00:00,ORD187617
3P1719,P3,CLOSED,Standard delivery running late by 4+ days,Order #875421 placed 7 days ago still shows 'out for delivery' status.,Hyderabad,2025-12-20 04:45:34.160042+00:00,2025-12-21 04:45:34.160042+00:00,ORD105372
1P1720,P1,OPEN,Bulk shipment stuck at customs,"Container with 12,000 units delayed at Nhava Sheva port due to documentation mismatch.",Jaipur,2025-12-03 00:37:34.160042+00:00,,ORD421376
3P1721,P3,CLOSED,Delivery agent unreachable for last mile,Agent number +91-98XXXXXX45 not answering calls/WhatsApp since yesterday.,Mumbai,2026-01-09 05:49:34.160042+00:00,2026-01-09 06:49:34.160042+00:00,ORD866249
3P1722,P3,CLOSED,Damaged product delivered,Laptop sleeve arrived with torn packaging and visible scratch on product.,Indore,2025-12-01 06:35:34.160042+00:00,2025-12-01 08:35:34.160042+00:00,ORD236530
3P1723,P3,CLOSED,Payment successful but order not confirmed,"₹1,499 deducted via UPI but order status stuck at 'payment pending' for 2 days.",Hyderabad,2026-02-19 12:38:34.160042+00:00,2026-02-19 13:08:34.160042+00:00,ORD382730
3P1724,P3,CLOSED,Damaged product delivered,Laptop sleeve arrived with torn packaging and visible scratch on product.,Hyderabad,2025-12-27 11:36:34.160042+00:00,2025-12-27 12:36:34.160042+00:00,ORD591928
3P1725,P3,CLOSED,Standard delivery running late by 4+ days,Order #875421 placed 7 days ago still shows 'out for delivery' status.,Pune,2025-11-29 14:30:34.160042+00:00,2025-12-04 14:30:34.160042+00:00,ORD492029
1P1726,P1,CLOSED,Warehouse inventory mismatch – critical SKU,"Physical stock of emergency item XYZ789 is 0, but system shows 450 units.",Chennai,2026-01-27 22:18:34.160042+00:00,2026-01-29 22:18:34.160042+00:00,ORD613284
3P1727,P3,CLOSED,App crashed during payment – money deducted,App closed during Paytm payment flow. Money deducted but cart still active.,Hyderabad,2026-01-16 10:04:34.160042+00:00,2026-01-16 11:04:34.160042+00:00,ORD253990
2P1728,P2,CLOSED,Priority delivery partner no-show,"Prime Blue Dart slot booked, but delivery agent marked 'not reachable' three times.",Hyderabad,2026-01-15 02:50:34.160042+00:00,2026-01-15 03:20:34.160042+00:00,ORD980758
3P1729,P3,OPEN,Delivery agent unreachable for last mile,Agent number +91-98XXXXXX45 not answering calls/WhatsApp since yesterday.,Kolkata,2026-02-10 20:03:34.160042+00:00,,ORD857559
3P1730,P3,CLOSED,Payment successful but order not confirmed,"₹1,499 deducted via UPI but order status stuck at 'payment pending' for 2 days.",Hyderabad,2026-02-03 19:21:34.160042+00:00,2026-02-03 20:21:34.160042+00:00,ORD692585
2P1731,P2,CLOSED,Refund not credited within 1 business day,Prime member eligible for instant refund — amount deducted but not credited back after 36 hours.,Ahmedabad,2025-12-03 13:41:34.160042+00:00,2025-12-03 15:41:34.160042+00:00,ORD445045
1P1732,P1,CLOSED,Bulk shipment stuck at customs,"Container with 12,000 units delayed at Nhava Sheva port due to documentation mismatch.",Bhopal,2026-01-11 06:17:34.160042+00:00,2026-01-11 07:17:34.160042+00:00,ORD316263
3P1733,P3,CLOSED,App crashed during payment – money deducted,App closed during Paytm payment flow. Money deducted but cart still active.,Pune,2025-12-02 00:56:34.160042+00:00,2025-12-02 02:56:34.160042+00:00,ORD791745
2P1734,P2,OPEN,Prime exclusive product out of stock after order,Order #9845123 for Prime-exclusive Echo Dot (new color) cancelled by system due to stock unavailability.,Pune,2025-11-29 20:52:34.160042+00:00,,ORD256012
3P1735,P3,CLOSED,Partial order delivered,"Order had 3 items — only 1 was delivered, no communication about remaining items.",Hyderabad,2026-01-22 22:18:34.160042+00:00,2026-01-23 06:18:34.160042+00:00,ORD133820
3P1736,P3,OPEN,Standard delivery running late by 4+ days,Order #875421 placed 7 days ago still shows 'out for delivery' status.,Surat,2026-01-18 00:38:34.160042+00:00,,ORD165605
3P1737,P3,OPEN,Partial order delivered,"Order had 3 items — only 1 was delivered, no communication about remaining items.",Bhopal,2025-12-22 09:38:34.160042+00:00,,ORD232121
3P1738,P3,OPEN,Standard delivery running late by 4+ days,Order #875421 placed 7 days ago still shows 'out for delivery' status.,Jaipur,2025-12-21 18:35:34.160042+00:00,,ORD815138
3P1739,P3,OPEN,Payment successful but order not confirmed,"₹1,499 deducted via UPI but order status stuck at 'payment pending' for 2 days.",Patna,2026-01-25 23:48:34.160042+00:00,,ORD712252
2P1740,P2,CLOSED,Prime exclusive product out of stock after order,Order #9845123 for Prime-exclusive Echo Dot (new color) cancelled by system due to stock unavailability.,Hyderabad,2026-01-10 01:01:34.160042+00:00,2026-01-10 05:01:34.160042+00:00,ORD607045
3P1741,P3,OPEN,App crashed during payment – money deducted,App closed during Paytm payment flow. Money deducted but cart still active.,Jaipur,2025-12-06 19:00:34.160042+00:00,,ORD577906
2P1742,P2,OPEN,Prime exclusive product out of stock after order,Order #9845123 for Prime-exclusive Echo Dot (new color) cancelled by system due to stock unavailability.,Hyderabad,2025-11-28 22:38:34.160042+00:00,,ORD523451
2P1743,P2,OPEN,Prime early access deal item delayed,Item from Prime Early Access sale not shipped even after 72-hour window.,Patna,2025-12-21 10:56:34.160042+00:00,,ORD751544
1P1744,P1,CLOSED,Bulk shipment stuck at customs,"Container with 12,000 units delayed at Nhava Sheva port due to documentation mismatch.",Bhopal,2026-01-29 23:04:34.160042+00:00,2026-01-30 01:04:34.160042+00:00,ORD459391
2P1745,P2,CLOSED,Prime exclusive product out of stock after order,Order #9845123 for Prime-exclusive Echo Dot (new color) cancelled by system due to stock unavailability.,Lucknow,2025-11-28 07:43:34.160042+00:00,2025-11-28 08:13:34.160042+00:00,ORD893535
3P1746,P3,CLOSED,Received completely wrong product,"Ordered Noise ColorFit Pro 5, received boAt Airdopes instead.",Lucknow,2026-01-08 21:33:34.160042+00:00,2026-01-11 21:33:34.160042+00:00,ORD509010
2P1747,P2,CLOSED,Priority delivery partner no-show,"Prime Blue Dart slot booked, but delivery agent marked 'not reachable' three times.",Hyderabad,2025-12-04 03:59:34.160042+00:00,2025-12-04 04:59:34.160042+00:00,ORD701491
3P1748,P3,CLOSED,Damaged product delivered,Laptop sleeve arrived with torn packaging and visible scratch on product.,Hyderabad,2026-02-12 12:52:34.160042+00:00,2026-02-17 12:52:34.160042+00:00,ORD101200
3P1749,P3,CLOSED,Damaged product delivered,Laptop sleeve arrived with torn packaging and visible scratch on product.,Hyderabad,2025-12-07 20:27:34.160042+00:00,2025-12-07 20:57:34.160042+00:00,ORD163507
3P1750,P3,CLOSED,App crashed during payment – money deducted,App closed during Paytm payment flow. Money deducted but cart still active.,Ahmedabad,2026-01-22 23:58:34.160042+00:00,2026-02-05 23:58:34.160042+00:00,ORD801250
3P1751,P3,CLOSED,Delivery agent unreachable for last mile,Agent number +91-98XXXXXX45 not answering calls/WhatsApp since yesterday.,Chandigarh,2025-12-20 15:47:34.160042+00:00,2025-12-20 19:47:34.160042+00:00,ORD994369
3P1752,P3,OPEN,Damaged product delivered,Laptop sleeve arrived with torn packaging and visible scratch on product.,Chennai,2026-01-02 13:27:34.160042+00:00,,ORD432570
3P1753,P3,CLOSED,Received completely wrong product,"Ordered Noise ColorFit Pro 5, received boAt Airdopes instead.",Hyderabad,2025-12-09 14:14:34.160042+00:00,2025-12-09 18:14:34.160042+00:00,ORD224393
3P1754,P3,OPEN,Damaged product delivered,Laptop sleeve arrived with torn packaging and visible scratch on product.,Mumbai,2025-12-02 15:26:34.160042+00:00,,ORD836974
1P1755,P1,OPEN,Vendor dispatch system outage,Primary vendor's dispatch system crashed — no shipments processed in last 48 hours.,Hyderabad,2026-01-05 04:56:34.160042+00:00,,ORD987179
2P1756,P2,OPEN,Priority delivery partner no-show,"Prime Blue Dart slot booked, but delivery agent marked 'not reachable' three times.",Jaipur,2025-11-28 07:03:34.160042+00:00,,ORD656021
3P1757,P3,CLOSED,Damaged product delivered,Laptop sleeve arrived with torn packaging and visible scratch on product.,Patna,2026-02-04 02:42:34.160042+00:00,2026-02-04 06:42:34.160042+00:00,ORD637712
3P1758,P3,CLOSED,Payment successful but order not confirmed,"₹1,499 deducted via UPI but order status stuck at 'payment pending' for 2 days.",Mumbai,2026-02-16 22:36:34.160042+00:00,2026-02-17 02:36:34.160042+00:00,ORD251052
1P1759,P1,CLOSED,Critical supply chain failure,Entire lot of high-demand SKU XXXX-5678 has not reached the central warehouse. Expected arrival was 3 days ago. Impacts multiple cities.,Lucknow,2026-01-20 01:29:34.160042+00:00,2026-01-20 05:29:34.160042+00:00,ORD140259
1P1760,P1,CLOSED,Critical supply chain failure,Entire lot of high-demand SKU XXXX-5678 has not reached the central warehouse. Expected arrival was 3 days ago. Impacts multiple cities.,Hyderabad,2025-12-31 19:18:34.160042+00:00,2026-01-01 19:18:34.160042+00:00,ORD146520
2P1761,P2,CLOSED,Prime same-day delivery missed,Customer in Bangalore was promised same-day delivery but order is still in 'processing' status at 8 PM.,Hyderabad,2026-01-06 22:09:34.160042+00:00,2026-01-07 02:09:34.160042+00:00,ORD364575
3P1762,P3,OPEN,Payment successful but order not confirmed,"₹1,499 deducted via UPI but order status stuck at 'payment pending' for 2 days.",Hyderabad,2026-01-21 01:57:34.160042+00:00,,ORD936386
3P1763,P3,CLOSED,Partial order delivered,"Order had 3 items — only 1 was delivered, no communication about remaining items.",Pune,2025-12-24 10:49:34.160042+00:00,2025-12-24 18:49:34.160042+00:00,ORD486154
1P1764,P1,OPEN,Warehouse inventory mismatch – critical SKU,"Physical stock of emergency item XYZ789 is 0, but system shows 450 units.",Surat,2026-01-02 15:47:34.160042+00:00,,ORD950686
3P1765,P3,OPEN,Partial order delivered,"Order had 3 items — only 1 was delivered, no communication about remaining items.",Hyderabad,2026-02-15 09:38:34.160042+00:00,,ORD380943
3P1766,P3,CLOSED,Payment successful but order not confirmed,"₹1,499 deducted via UPI but order status stuck at 'payment pending' for 2 days.",Kolkata,2026-01-22 23:09:34.160042+00:00,2026-01-22 23:39:34.160042+00:00,ORD295777
3P1767,P3,CLOSED,Payment successful but order not confirmed,"₹1,499 deducted via UPI but order status stuck at 'payment pending' for 2 days.",Bhopal,2026-02-15 18:39:34.160042+00:00,2026-02-15 20:39:34.160042+00:00,ORD815355
1P1768,P1,CLOSED,Supplier stock-out on critical item,Vendor confirmed zero stock for product ABC123 (fast-moving category). No ETA available.,Patna,2025-12-27 17:45:34.160042+00:00,2025-12-27 18:15:34.160042+00:00,ORD102227
2P1769,P2,OPEN,Refund not credited within 1 business day,Prime member eligible for instant refund — amount deducted but not credited back after 36 hours.,Kolkata,2026-01-14 06:45:34.160042+00:00,,ORD285047
3P1770,P3,OPEN,Received completely wrong product,"Ordered Noise ColorFit Pro 5, received boAt Airdopes instead.",Mumbai,2025-12-21 07:48:34.160042+00:00,,ORD988236
2P1771,P2,OPEN,Priority delivery partner no-show,"Prime Blue Dart slot booked, but delivery agent marked 'not reachable' three times.",Bangalore,2025-12-03 01:15:34.160042+00:00,,ORD542962
3P1772,P3,CLOSED,Delivery agent unreachable for last mile,Agent number +91-98XXXXXX45 not answering calls/WhatsApp since yesterday.,Bhopal,2026-01-01 06:08:34.160042+00:00,2026-01-01 07:08:34.160042+00:00,ORD144608
3P1773,P3,OPEN,App crashed during payment – money deducted,App closed during Paytm payment flow. Money deducted but cart still active.,Patna,2026-02-15 08:38:34.160042+00:00,,ORD985682
3P1774,P3,OPEN,Damaged product delivered,Laptop sleeve arrived with torn packaging and visible scratch on product.,Mumbai,2025-12-16 17:30:34.160042+00:00,,ORD909076
1P1775,P1,CLOSED,Vendor dispatch system outage,Primary vendor's dispatch system crashed — no shipments processed in last 48 hours.,Hyderabad,2025-12-06 22:55:34.160042+00:00,2025-12-07 00:55:34.160042+00:00,ORD100891
2P1776,P2,OPEN,Prime early access deal item delayed,Item from Prime Early Access sale not shipped even after 72-hour window.,Bhopal,2025-12-02 06:53:34.160042+00:00,,ORD884967
2P1777,P2,CLOSED,Priority delivery partner no-show,"Prime Blue Dart slot booked, but delivery agent marked 'not reachable' three times.",Jaipur,2026-01-01 01:49:34.160042+00:00,2026-01-02 01:49:34.160042+00:00,ORD587546
3P1778,P3,CLOSED,App crashed during payment – money deducted,App closed during Paytm payment flow. Money deducted but cart still active.,Hyderabad,2026-01-12 06:29:34.160042+00:00,2026-01-12 07:29:34.160042+00:00,ORD368968
2P1779,P2,OPEN,Prime early access deal item delayed,Item from Prime Early Access sale not shipped even after 72-hour window.,Delhi,2026-01-02 00:30:34.160042+00:00,,ORD491808
1P1780,P1,CLOSED,Bulk shipment stuck at customs,"Container with 12,000 units delayed at Nhava Sheva port due to documentation mismatch.",Patna,2026-02-16 10:49:34.160042+00:00,2026-02-16 14:49:34.160042+00:00,ORD293351
3P1781,P3,CLOSED,Damaged product delivered,Laptop sleeve arrived with torn packaging and visible scratch on product.,Patna,2025-12-17 05:50:34.160042+00:00,2025-12-17 13:50:34.160042+00:00,ORD943697
1P1782,P1,CLOSED,Warehouse inventory mismatch – critical SKU,"Physical stock of emergency item XYZ789 is 0, but system shows 450 units.",Pune,2026-02-08 09:42:34.160042+00:00,2026-02-08 10:42:34.160042+00:00,ORD916771
2P1783,P2,CLOSED,Prime same-day delivery missed,Customer in Bangalore was promised same-day delivery but order is still in 'processing' status at 8 PM.,Hyderabad,2025-12-10 16:34:34.160042+00:00,2025-12-10 18:34:34.160042+00:00,ORD492999
3P1784,P3,CLOSED,App crashed during payment – money deducted,App closed during Paytm payment flow. Money deducted but cart still active.,Chennai,2026-01-20 17:53:34.160042+00:00,2026-01-21 17:53:34.160042+00:00,ORD605134
3P1785,P3,OPEN,Received completely wrong product,"Ordered Noise ColorFit Pro 5, received boAt Airdopes instead.",Hyderabad,2026-01-13 14:57:34.160042+00:00,,ORD161764
2P1786,P2,CLOSED,Priority delivery partner no-show,"Prime Blue Dart slot booked, but delivery agent marked 'not reachable' three times.",Mumbai,2026-01-30 02:55:34.160042+00:00,2026-01-30 03:55:34.160042+00:00,ORD345099
3P1787,P3,CLOSED,Received completely wrong product,"Ordered Noise ColorFit Pro 5, received boAt Airdopes instead.",Surat,2026-01-24 22:15:34.160042+00:00,2026-01-25 00:15:34.160042+00:00,ORD529379
3P1788,P3,OPEN,Received completely wrong product,"Ordered Noise ColorFit Pro 5, received boAt Airdopes instead.",Hyderabad,2025-12-09 02:36:34.160042+00:00,,ORD393891
3P1789,P3,OPEN,Partial order delivered,"Order had 3 items — only 1 was delivered, no communication about remaining items.",Delhi,2025-12-29 05:01:34.160042+00:00,,ORD461746
3P1790,P3,CLOSED,Damaged product delivered,Laptop sleeve arrived with torn packaging and visible scratch on product.,Pune,2026-01-27 02:41:34.160042+00:00,2026-01-27 03:41:34.160042+00:00,ORD246663
2P1791,P2,CLOSED,Prime early access deal item delayed,Item from Prime Early Access sale not shipped even after 72-hour window.,Patna,2026-01-09 08:35:34.160042+00:00,2026-01-10 08:35:34.160042+00:00,ORD288377
2P1792,P2,OPEN,Refund not credited within 1 business day,Prime member eligible for instant refund — amount deducted but not credited back after 36 hours.,Hyderabad,2026-02-15 01:20:34.160042+00:00,,ORD369550
3P1793,P3,OPEN,Payment successful but order not confirmed,"₹1,499 deducted via UPI but order status stuck at 'payment pending' for 2 days.",Chennai,2026-02-14 18:40:34.160042+00:00,,ORD446099
3P1794,P3,CLOSED,Delivery agent unreachable for last mile,Agent number +91-98XXXXXX45 not answering calls/WhatsApp since yesterday.,Kolkata,2025-12-13 05:54:34.160042+00:00,2025-12-13 07:54:34.160042+00:00,ORD649028
2P1795,P2,OPEN,Prime early access deal item delayed,Item from Prime Early Access sale not shipped even after 72-hour window.,Hyderabad,2026-01-30 17:54:34.160042+00:00,,ORD385678
2P1796,P2,CLOSED,Refund not credited within 1 business day,Prime member eligible for instant refund — amount deducted but not credited back after 36 hours.,Chandigarh,2026-02-14 22:15:34.160042+00:00,2026-02-14 23:15:34.160042+00:00,ORD633806
3P1797,P3,CLOSED,Standard delivery running late by 4+ days,Order #875421 placed 7 days ago still shows 'out for delivery' status.,Hyderabad,2026-01-14 11:24:34.160042+00:00,2026-01-14 13:24:34.160042+00:00,ORD268281
3P1798,P3,CLOSED,Damaged product delivered,Laptop sleeve arrived with torn packaging and visible scratch on product.,Mumbai,2025-12-03 11:50:34.160042+00:00,2025-12-03 12:50:34.160042+00:00,ORD232588
2P1799,P2,CLOSED,Priority delivery partner no-show,"Prime Blue Dart slot booked, but delivery agent marked 'not reachable' three times.",Bangalore,2026-01-30 05:54:34.160042+00:00,2026-02-02 05:54:34.160042+00:00,ORD553177
3P1800,P3,OPEN,App crashed during payment – money deducted,App closed during Paytm payment flow. Money deducted but cart still active.,Jaipur,2026-01-28 06:22:34.160042+00:00,,ORD783987
2P1801,P2,CLOSED,Refund not credited within 1 business day,Prime member eligible for instant refund — amount deducted but not credited back after 36 hours.,Delhi,2026-02-18 17:41:34.160042+00:00,2026-02-19 01:41:34.160042+00:00,ORD732332
3P1802,P3,CLOSED,Standard delivery running late by 4+ days,Order #875421 placed 7 days ago still shows 'out for delivery' status.,Hyderabad,2025-12-12 09:10:34.160042+00:00,2025-12-17 09:10:34.160042+00:00,ORD504902
2P1803,P2,OPEN,Refund not credited within 1 business day,Prime member eligible for instant refund — amount deducted but not credited back after 36 hours.,Bangalore,2026-01-06 18:37:34.160042+00:00,,ORD313520
2P1804,P2,CLOSED,Priority delivery partner no-show,"Prime Blue Dart slot booked, but delivery agent marked 'not reachable' three times.",Hyderabad,2026-01-05 13:44:34.160042+00:00,2026-01-05 14:44:34.160042+00:00,ORD856304
1P1805,P1,OPEN,Vendor dispatch system outage,Primary vendor's dispatch system crashed — no shipments processed in last 48 hours.,Delhi,2026-01-22 08:34:34.160042+00:00,,ORD304368
3P1806,P3,CLOSED,Partial order delivered,"Order had 3 items — only 1 was delivered, no communication about remaining items.",Jaipur,2025-12-05 08:21:34.160042+00:00,2025-12-05 08:51:34.160042+00:00,ORD545168
2P1807,P2,OPEN,Refund not credited within 1 business day,Prime member eligible for instant refund — amount deducted but not credited back after 36 hours.,Hyderabad,2025-12-10 21:04:34.160042+00:00,,ORD109183
3P1808,P3,CLOSED,Standard delivery running late by 4+ days,Order #875421 placed 7 days ago still shows 'out for delivery' status.,Delhi,2025-11-27 03:59:34.160042+00:00,2025-11-30 03:59:34.160042+00:00,ORD618246
1P1809,P1,OPEN,Supplier stock-out on critical item,Vendor confirmed zero stock for product ABC123 (fast-moving category). No ETA available.,Indore,2025-12-17 14:01:34.160042+00:00,,ORD311010
1P1810,P1,OPEN,Critical supply chain failure,Entire lot of high-demand SKU XXXX-5678 has not reached the central warehouse. Expected arrival was 3 days ago. Impacts multiple cities.,Delhi,2026-01-17 21:04:34.160042+00:00,,ORD215041
3P1811,P3,CLOSED,Delivery agent unreachable for last mile,Agent number +91-98XXXXXX45 not answering calls/WhatsApp since yesterday.,Delhi,2025-12-10 04:24:34.160042+00:00,2025-12-10 05:24:34.160042+00:00,ORD134343
2P1812,P2,OPEN,Prime exclusive product out of stock after order,Order #9845123 for Prime-exclusive Echo Dot (new color) cancelled by system due to stock unavailability.,Hyderabad,2025-11-26 07:58:34.160042+00:00,,ORD536715
3P1813,P3,OPEN,Payment successful but order not confirmed,"₹1,499 deducted via UPI but order status stuck at 'payment pending' for 2 days.",Pune,2026-01-21 01:26:34.160042+00:00,,ORD442961
3P1814,P3,CLOSED,Standard delivery running late by 4+ days,Order #875421 placed 7 days ago still shows 'out for delivery' status.,Kolkata,2026-01-24 13:42:34.160042+00:00,2026-01-27 13:42:34.160042+00:00,ORD546056
2P1815,P2,CLOSED,Prime same-day delivery missed,Customer in Bangalore was promised same-day delivery but order is still in 'processing' status at 8 PM.,Jaipur,2026-02-05 07:10:34.160042+00:00,2026-02-05 08:10:34.160042+00:00,ORD939566
3P1816,P3,CLOSED,Damaged product delivered,Laptop sleeve arrived with torn packaging and visible scratch on product.,Chennai,2026-01-27 06:41:34.160042+00:00,2026-01-27 08:41:34.160042+00:00,ORD888613
2P1817,P2,OPEN,Refund not credited within 1 business day,Prime member eligible for instant refund — amount deducted but not credited back after 36 hours.,Bangalore,2025-12-07 01:22:34.160042+00:00,,ORD865781
2P1818,P2,CLOSED,Prime same-day delivery missed,Customer in Bangalore was promised same-day delivery but order is still in 'processing' status at 8 PM.,Hyderabad,2025-12-31 02:01:34.160042+00:00,2025-12-31 02:31:34.160042+00:00,ORD708510
3P1819,P3,CLOSED,Standard delivery running late by 4+ days,Order #875421 placed 7 days ago still shows 'out for delivery' status.,Chandigarh,2026-01-04 17:46:34.160042+00:00,2026-01-05 01:46:34.160042+00:00,ORD356769
3P1820,P3,OPEN,Damaged product delivered,Laptop sleeve arrived with torn packaging and visible scratch on product.,Bangalore,2026-02-09 10:51:34.160042+00:00,,ORD177103
2P1821,P2,CLOSED,Prime same-day delivery missed,Customer in Bangalore was promised same-day delivery but order is still in 'processing' status at 8 PM.,Hyderabad,2025-11-24 15:47:34.160042+00:00,2025-11-26 15:47:34.160042+00:00,ORD301804
3P1822,P3,OPEN,Partial order delivered,"Order had 3 items — only 1 was delivered, no communication about remaining items.",Lucknow,2026-01-29 10:15:34.160042+00:00,,ORD624770
3P1823,P3,CLOSED,Standard delivery running late by 4+ days,Order #875421 placed 7 days ago still shows 'out for delivery' status.,Hyderabad,2026-01-28 15:23:34.160042+00:00,2026-01-28 17:23:34.160042+00:00,ORD906637
2P1824,P2,OPEN,Prime same-day delivery missed,Customer in Bangalore was promised same-day delivery but order is still in 'processing' status at 8 PM.,Hyderabad,2026-02-03 01:03:34.160042+00:00,,ORD792946
1P1825,P1,OPEN,Bulk shipment stuck at customs,"Container with 12,000 units delayed at Nhava Sheva port due to documentation mismatch.",Delhi,2026-01-14 15:10:34.160042+00:00,,ORD682486
2P1826,P2,CLOSED,Refund not credited within 1 business day,Prime member eligible for instant refund — amount deducted but not credited back after 36 hours.,Bhopal,2025-11-29 11:10:34.160042+00:00,2025-11-29 11:40:34.160042+00:00,ORD147136
3P1827,P3,CLOSED,Partial order delivered,"Order had 3 items — only 1 was delivered, no communication about remaining items.",Hyderabad,2026-01-12 15:04:34.160042+00:00,2026-01-17 15:04:34.160042+00:00,ORD193578
3P1828,P3,CLOSED,App crashed during payment – money deducted,App closed during Paytm payment flow. Money deducted but cart still active.,Bangalore,2026-01-06 23:15:34.160042+00:00,2026-01-07 23:15:34.160042+00:00,ORD535838
3P1829,P3,OPEN,Payment successful but order not confirmed,"₹1,499 deducted via UPI but order status stuck at 'payment pending' for 2 days.",Lucknow,2026-02-12 02:50:34.160042+00:00,,ORD450979
3P1830,P3,OPEN,Received completely wrong product,"Ordered Noise ColorFit Pro 5, received boAt Airdopes instead.",Hyderabad,2026-01-01 08:05:34.160042+00:00,,ORD593689
3P1831,P3,CLOSED,Standard delivery running late by 4+ days,Order #875421 placed 7 days ago still shows 'out for delivery' status.,Hyderabad,2026-01-02 23:10:34.160042+00:00,2026-01-03 01:10:34.160042+00:00,ORD388601
3P1832,P3,CLOSED,Received completely wrong product,"Ordered Noise ColorFit Pro 5, received boAt Airdopes instead.",Indore,2025-12-05 16:51:34.160042+00:00,2025-12-05 17:51:34.160042+00:00,ORD798783
1P1833,P1,OPEN,Critical supply chain failure,Entire lot of high-demand SKU XXXX-5678 has not reached the central warehouse. Expected arrival was 3 days ago. Impacts multiple cities.,Hyderabad,2025-12-26 15:34:34.160042+00:00,,ORD525189
3P1834,P3,CLOSED,Received completely wrong product,"Ordered Noise ColorFit Pro 5, received boAt Airdopes instead.",Hyderabad,2025-12-15 16:08:34.160042+00:00,2025-12-15 20:08:34.160042+00:00,ORD576575
3P1835,P3,CLOSED,Delivery agent unreachable for last mile,Agent number +91-98XXXXXX45 not answering calls/WhatsApp since yesterday.,Jaipur,2025-12-15 12:50:34.160042+00:00,2025-12-15 13:50:34.160042+00:00,ORD340995
3P1836,P3,OPEN,Delivery agent unreachable for last mile,Agent number +91-98XXXXXX45 not answering calls/WhatsApp since yesterday.,Bhopal,2026-02-01 12:38:34.160042+00:00,,ORD831092
1P1837,P1,CLOSED,Supplier stock-out on critical item,Vendor confirmed zero stock for product ABC123 (fast-moving category). No ETA available.,Hyderabad,2026-01-09 12:41:34.160042+00:00,2026-01-09 13:41:34.160042+00:00,ORD361806
1P1838,P1,OPEN,Vendor dispatch system outage,Primary vendor's dispatch system crashed — no shipments processed in last 48 hours.,Hyderabad,2025-12-11 13:01:34.160042+00:00,,ORD699061
3P1839,P3,OPEN,Partial order delivered,"Order had 3 items — only 1 was delivered, no communication about remaining items.",Kolkata,2025-12-07 06:27:34.160042+00:00,,ORD127515
3P1840,P3,CLOSED,Partial order delivered,"Order had 3 items — only 1 was delivered, no communication about remaining items.",Delhi,2026-02-15 08:50:34.160042+00:00,2026-02-15 09:50:34.160042+00:00,ORD859529
3P1841,P3,CLOSED,Standard delivery running late by 4+ days,Order #875421 placed 7 days ago still shows 'out for delivery' status.,Hyderabad,2025-12-13 10:17:34.160042+00:00,2025-12-13 11:17:34.160042+00:00,ORD864501
3P1842,P3,OPEN,Received completely wrong product,"Ordered Noise ColorFit Pro 5, received boAt Airdopes instead.",Chandigarh,2026-01-11 02:04:34.160042+00:00,,ORD437337
2P1843,P2,CLOSED,Priority delivery partner no-show,"Prime Blue Dart slot booked, but delivery agent marked 'not reachable' three times.",Bhopal,2026-01-20 15:21:34.160042+00:00,2026-01-20 15:51:34.160042+00:00,ORD979711
2P1844,P2,CLOSED,Refund not credited within 1 business day,Prime member eligible for instant refund — amount deducted but not credited back after 36 hours.,Bhopal,2025-12-22 21:18:34.160042+00:00,2025-12-22 21:48:34.160042+00:00,ORD693013
3P1845,P3,OPEN,Delivery agent unreachable for last mile,Agent number +91-98XXXXXX45 not answering calls/WhatsApp since yesterday.,Delhi,2025-12-06 08:00:34.160042+00:00,,ORD492911
2P1846,P2,OPEN,Refund not credited within 1 business day,Prime member eligible for instant refund — amount deducted but not credited back after 36 hours.,Pune,2025-11-28 23:20:34.160042+00:00,,ORD134370
2P1847,P2,CLOSED,Priority delivery partner no-show,"Prime Blue Dart slot booked, but delivery agent marked 'not reachable' three times.",Hyderabad,2026-01-07 06:55:34.160042+00:00,2026-01-07 08:55:34.160042+00:00,ORD815437
3P1848,P3,CLOSED,Received completely wrong product,"Ordered Noise ColorFit Pro 5, received boAt Airdopes instead.",Hyderabad,2025-12-23 00:16:34.160042+00:00,2025-12-23 00:46:34.160042+00:00,ORD141267
2P1849,P2,OPEN,Prime same-day delivery missed,Customer in Bangalore was promised same-day delivery but order is still in 'processing' status at 8 PM.,Hyderabad,2026-01-26 11:14:34.160042+00:00,,ORD360167
3P1850,P3,CLOSED,Payment successful but order not confirmed,"₹1,499 deducted via UPI but order status stuck at 'payment pending' for 2 days.",Surat,2026-01-30 09:38:34.160042+00:00,2026-01-30 13:38:34.160042+00:00,ORD706380
3P1851,P3,CLOSED,Damaged product delivered,Laptop sleeve arrived with torn packaging and visible scratch on product.,Hyderabad,2025-12-12 16:26:34.160042+00:00,2025-12-14 16:26:34.160042+00:00,ORD859357
2P1852,P2,OPEN,Refund not credited within 1 business day,Prime member eligible for instant refund — amount deducted but not credited back after 36 hours.,Hyderabad,2025-12-28 13:34:34.160042+00:00,,ORD567564
2P1853,P2,CLOSED,Prime exclusive product out of stock after order,Order #9845123 for Prime-exclusive Echo Dot (new color) cancelled by system due to stock unavailability.,Kolkata,2025-12-20 07:05:34.160042+00:00,2025-12-20 15:05:34.160042+00:00,ORD539529
2P1854,P2,OPEN,Prime early access deal item delayed,Item from Prime Early Access sale not shipped even after 72-hour window.,Hyderabad,2026-02-18 12:51:34.160042+00:00,,ORD334715
3P1855,P3,OPEN,Standard delivery running late by 4+ days,Order #875421 placed 7 days ago still shows 'out for delivery' status.,Hyderabad,2025-12-24 22:20:34.160042+00:00,,ORD284350
1P1856,P1,CLOSED,Bulk shipment stuck at customs,"Container with 12,000 units delayed at Nhava Sheva port due to documentation mismatch.",Lucknow,2025-12-07 08:52:34.160042+00:00,2025-12-10 08:52:34.160042+00:00,ORD677135
3P1857,P3,OPEN,Standard delivery running late by 4+ days,Order #875421 placed 7 days ago still shows 'out for delivery' status.,Patna,2025-11-24 05:03:34.160042+00:00,,ORD991498
3P1858,P3,OPEN,Damaged product delivered,Laptop sleeve arrived with torn packaging and visible scratch on product.,Jaipur,2025-12-22 16:17:34.160042+00:00,,ORD137575
3P1859,P3,OPEN,Damaged product delivered,Laptop sleeve arrived with torn packaging and visible scratch on product.,Hyderabad,2025-12-06 16:25:34.160042+00:00,,ORD338990
3P1860,P3,OPEN,Received completely wrong product,"Ordered Noise ColorFit Pro 5, received boAt Airdopes instead.",Bhopal,2026-02-14 22:11:34.160042+00:00,,ORD290200
1P1861,P1,OPEN,Vendor dispatch system outage,Primary vendor's dispatch system crashed — no shipments processed in last 48 hours.,Chennai,2026-01-18 18:34:34.160042+00:00,,ORD391622
2P1862,P2,CLOSED,Prime same-day delivery missed,Customer in Bangalore was promised same-day delivery but order is still in 'processing' status at 8 PM.,Ahmedabad,2026-01-24 21:08:34.160042+00:00,2026-01-24 22:08:34.160042+00:00,ORD781354
2P1863,P2,OPEN,Refund not credited within 1 business day,Prime member eligible for instant refund — amount deducted but not credited back after 36 hours.,Indore,2025-11-29 22:08:34.160042+00:00,,ORD830265
3P1864,P3,OPEN,Received completely wrong product,"Ordered Noise ColorFit Pro 5, received boAt Airdopes instead.",Hyderabad,2026-01-15 09:30:34.160042+00:00,,ORD317234
2P1865,P2,OPEN,Priority delivery partner no-show,"Prime Blue Dart slot booked, but delivery agent marked 'not reachable' three times.",Hyderabad,2026-02-18 23:52:34.160042+00:00,,ORD706534
3P1866,P3,OPEN,Delivery agent unreachable for last mile,Agent number +91-98XXXXXX45 not answering calls/WhatsApp since yesterday.,Bhopal,2025-12-21 06:23:34.160042+00:00,,ORD700563
2P1867,P2,OPEN,Priority delivery partner no-show,"Prime Blue Dart slot booked, but delivery agent marked 'not reachable' three times.",Chennai,2026-01-01 02:21:34.160042+00:00,,ORD176093
3P1868,P3,OPEN,Payment successful but order not confirmed,"₹1,499 deducted via UPI but order status stuck at 'payment pending' for 2 days.",Hyderabad,2026-01-21 09:18:34.160042+00:00,,ORD421203
2P1869,P2,OPEN,Prime exclusive product out of stock after order,Order #9845123 for Prime-exclusive Echo Dot (new color) cancelled by system due to stock unavailability.,Pune,2025-12-22 01:02:34.160042+00:00,,ORD103582
3P1870,P3,OPEN,Delivery agent unreachable for last mile,Agent number +91-98XXXXXX45 not answering calls/WhatsApp since yesterday.,Jaipur,2025-12-06 14:39:34.160042+00:00,,ORD381109
1P1871,P1,OPEN,Warehouse inventory mismatch – critical SKU,"Physical stock of emergency item XYZ789 is 0, but system shows 450 units.",Hyderabad,2025-12-22 15:54:34.160042+00:00,,ORD905114
2P1872,P2,OPEN,Prime early access deal item delayed,Item from Prime Early Access sale not shipped even after 72-hour window.,Hyderabad,2026-01-12 03:03:34.160042+00:00,,ORD380233
3P1873,P3,CLOSED,Partial order delivered,"Order had 3 items — only 1 was delivered, no communication about remaining items.",Kolkata,2026-02-19 03:32:34.160042+00:00,2026-02-19 05:32:34.160042+00:00,ORD508124
3P1874,P3,CLOSED,Received completely wrong product,"Ordered Noise ColorFit Pro 5, received boAt Airdopes instead.",Chennai,2025-12-25 14:24:34.160042+00:00,2025-12-25 16:24:34.160042+00:00,ORD927703
3P1875,P3,OPEN,Partial order delivered,"Order had 3 items — only 1 was delivered, no communication about remaining items.",Hyderabad,2025-12-30 13:12:34.160042+00:00,,ORD300154
3P1876,P3,CLOSED,Standard delivery running late by 4+ days,Order #875421 placed 7 days ago still shows 'out for delivery' status.,Hyderabad,2026-02-15 19:35:34.160042+00:00,2026-02-16 03:35:34.160042+00:00,ORD679655
2P1877,P2,OPEN,Prime exclusive product out of stock after order,Order #9845123 for Prime-exclusive Echo Dot (new color) cancelled by system due to stock unavailability.,Hyderabad,2026-01-11 09:52:34.160042+00:00,,ORD841414
3P1878,P3,OPEN,Received completely wrong product,"Ordered Noise ColorFit Pro 5, received boAt Airdopes instead.",Patna,2025-12-28 18:21:34.160042+00:00,,ORD911626
1P1879,P1,OPEN,Supplier stock-out on critical item,Vendor confirmed zero stock for product ABC123 (fast-moving category). No ETA available.,Lucknow,2026-02-07 12:34:34.160042+00:00,,ORD490642
3P1880,P3,OPEN,Delivery agent unreachable for last mile,Agent number +91-98XXXXXX45 not answering calls/WhatsApp since yesterday.,Chennai,2025-12-15 21:49:34.160042+00:00,,ORD371696
1P1881,P1,CLOSED,Warehouse inventory mismatch – critical SKU,"Physical stock of emergency item XYZ789 is 0, but system shows 450 units.",Hyderabad,2025-12-18 08:02:34.160042+00:00,2025-12-18 12:02:34.160042+00:00,ORD294825
2P1882,P2,OPEN,Prime early access deal item delayed,Item from Prime Early Access sale not shipped even after 72-hour window.,Hyderabad,2026-01-20 02:11:34.160042+00:00,,ORD741242
2P1883,P2,CLOSED,Prime same-day delivery missed,Customer in Bangalore was promised same-day delivery but order is still in 'processing' status at 8 PM.,Bhopal,2026-01-04 08:06:34.160042+00:00,2026-01-04 09:06:34.160042+00:00,ORD748221
3P1884,P3,CLOSED,Standard delivery running late by 4+ days,Order #875421 placed 7 days ago still shows 'out for delivery' status.,Surat,2026-01-30 20:43:34.160042+00:00,2026-01-31 04:43:34.160042+00:00,ORD292752
2P1885,P2,OPEN,Prime exclusive product out of stock after order,Order #9845123 for Prime-exclusive Echo Dot (new color) cancelled by system due to stock unavailability.,Mumbai,2025-12-26 15:09:34.160042+00:00,,ORD476879
2P1886,P2,CLOSED,Priority delivery partner no-show,"Prime Blue Dart slot booked, but delivery agent marked 'not reachable' three times.",Surat,2025-12-14 06:33:34.160042+00:00,2025-12-15 06:33:34.160042+00:00,ORD358365
2P1887,P2,OPEN,Prime same-day delivery missed,Customer in Bangalore was promised same-day delivery but order is still in 'processing' status at 8 PM.,Hyderabad,2026-01-28 06:38:34.160042+00:00,,ORD608593
1P1888,P1,CLOSED,Critical supply chain failure,Entire lot of high-demand SKU XXXX-5678 has not reached the central warehouse. Expected arrival was 3 days ago. Impacts multiple cities.,Hyderabad,2026-01-30 23:08:34.160042+00:00,2026-01-31 23:08:34.160042+00:00,ORD892025
3P1889,P3,CLOSED,Standard delivery running late by 4+ days,Order #875421 placed 7 days ago still shows 'out for delivery' status.,Mumbai,2026-02-12 23:45:34.160042+00:00,2026-02-13 01:45:34.160042+00:00,ORD755264
3P1890,P3,OPEN,Standard delivery running late by 4+ days,Order #875421 placed 7 days ago still shows 'out for delivery' status.,Jaipur,2025-12-09 05:51:34.160042+00:00,,ORD711439
3P1891,P3,OPEN,Standard delivery running late by 4+ days,Order #875421 placed 7 days ago still shows 'out for delivery' status.,Delhi,2025-12-14 20:16:34.160042+00:00,,ORD806341
3P1892,P3,CLOSED,Received completely wrong product,"Ordered Noise ColorFit Pro 5, received boAt Airdopes instead.",Jaipur,2025-12-13 21:08:34.160042+00:00,2025-12-13 21:38:34.160042+00:00,ORD846739
2P1893,P2,OPEN,Prime same-day delivery missed,Customer in Bangalore was promised same-day delivery but order is still in 'processing' status at 8 PM.,Kolkata,2026-01-13 15:37:34.160042+00:00,,ORD726299
2P1894,P2,CLOSED,Priority delivery partner no-show,"Prime Blue Dart slot booked, but delivery agent marked 'not reachable' three times.",Hyderabad,2025-12-20 04:13:34.160042+00:00,2025-12-20 06:13:34.160042+00:00,ORD443694
3P1895,P3,CLOSED,App crashed during payment – money deducted,App closed during Paytm payment flow. Money deducted but cart still active.,Surat,2026-02-19 02:41:34.160042+00:00,2026-02-19 04:41:34.160042+00:00,ORD877840
1P1896,P1,CLOSED,Bulk shipment stuck at customs,"Container with 12,000 units delayed at Nhava Sheva port due to documentation mismatch.",Hyderabad,2025-12-24 00:49:34.160042+00:00,2025-12-24 04:49:34.160042+00:00,ORD990714
3P1897,P3,CLOSED,Payment successful but order not confirmed,"₹1,499 deducted via UPI but order status stuck at 'payment pending' for 2 days.",Jaipur,2025-11-24 15:43:34.160042+00:00,2025-11-24 16:43:34.160042+00:00,ORD485851
3P1898,P3,CLOSED,Payment successful but order not confirmed,"₹1,499 deducted via UPI but order status stuck at 'payment pending' for 2 days.",Chennai,2026-02-06 06:02:34.160042+00:00,2026-02-06 06:32:34.160042+00:00,ORD844460
2P1899,P2,CLOSED,Prime exclusive product out of stock after order,Order #9845123 for Prime-exclusive Echo Dot (new color) cancelled by system due to stock unavailability.,Hyderabad,2026-02-06 11:13:34.160042+00:00,2026-02-06 12:13:34.160042+00:00,ORD300299
2P1900,P2,OPEN,Priority delivery partner no-show,"Prime Blue Dart slot booked, but delivery agent marked 'not reachable' three times.",Ahmedabad,2026-02-02 16:47:34.160042+00:00,,ORD533229
3P1901,P3,CLOSED,App crashed during payment – money deducted,App closed during Paytm payment flow. Money deducted but cart still active.,Mumbai,2026-01-24 09:30:34.160042+00:00,2026-01-24 13:30:34.160042+00:00,ORD191784
3P1902,P3,OPEN,Partial order delivered,"Order had 3 items — only 1 was delivered, no communication about remaining items.",Chennai,2025-11-24 09:39:34.160042+00:00,,ORD748936
3P1903,P3,CLOSED,Received completely wrong product,"Ordered Noise ColorFit Pro 5, received boAt Airdopes instead.",Bangalore,2025-12-13 00:05:34.160042+00:00,2025-12-13 00:35:34.160042+00:00,ORD279028
3P1904,P3,OPEN,App crashed during payment – money deducted,App closed during Paytm payment flow. Money deducted but cart still active.,Chennai,2025-12-28 23:30:34.160042+00:00,,ORD970656
3P1905,P3,CLOSED,Partial order delivered,"Order had 3 items — only 1 was delivered, no communication about remaining items.",Hyderabad,2025-11-27 08:42:34.160042+00:00,2025-11-27 12:42:34.160042+00:00,ORD968455
3P1906,P3,CLOSED,Damaged product delivered,Laptop sleeve arrived with torn packaging and visible scratch on product.,Pune,2026-01-07 13:30:34.160042+00:00,2026-01-08 13:30:34.160042+00:00,ORD476967
3P1907,P3,CLOSED,Delivery agent unreachable for last mile,Agent number +91-98XXXXXX45 not answering calls/WhatsApp since yesterday.,Hyderabad,2025-12-24 14:50:34.160042+00:00,2025-12-25 14:50:34.160042+00:00,ORD716166
3P1908,P3,OPEN,Delivery agent unreachable for last mile,Agent number +91-98XXXXXX45 not answering calls/WhatsApp since yesterday.,Patna,2025-12-02 11:55:34.160042+00:00,,ORD535773
3P1909,P3,CLOSED,Damaged product delivered,Laptop sleeve arrived with torn packaging and visible scratch on product.,Lucknow,2025-11-29 12:56:34.160042+00:00,2025-11-29 14:56:34.160042+00:00,ORD246895
2P1910,P2,CLOSED,Prime exclusive product out of stock after order,Order #9845123 for Prime-exclusive Echo Dot (new color) cancelled by system due to stock unavailability.,Hyderabad,2026-01-22 22:42:34.160042+00:00,2026-01-23 06:42:34.160042+00:00,ORD114367
3P1911,P3,OPEN,App crashed during payment – money deducted,App closed during Paytm payment flow. Money deducted but cart still active.,Surat,2026-01-26 23:09:34.160042+00:00,,ORD271483
3P1912,P3,OPEN,Damaged product delivered,Laptop sleeve arrived with torn packaging and visible scratch on product.,Hyderabad,2026-01-29 23:29:34.160042+00:00,,ORD496975
2P1913,P2,CLOSED,Prime same-day delivery missed,Customer in Bangalore was promised same-day delivery but order is still in 'processing' status at 8 PM.,Hyderabad,2025-12-13 22:43:34.160042+00:00,2025-12-14 02:43:34.160042+00:00,ORD818444
3P1914,P3,CLOSED,Damaged product delivered,Laptop sleeve arrived with torn packaging and visible scratch on product.,Hyderabad,2026-01-15 22:39:34.160042+00:00,2026-01-16 02:39:34.160042+00:00,ORD227562
3P1915,P3,CLOSED,Delivery agent unreachable for last mile,Agent number +91-98XXXXXX45 not answering calls/WhatsApp since yesterday.,Delhi,2026-02-16 21:20:34.160042+00:00,2026-02-16 22:20:34.160042+00:00,ORD980333
3P1916,P3,CLOSED,Partial order delivered,"Order had 3 items — only 1 was delivered, no communication about remaining items.",Surat,2025-12-24 15:06:34.160042+00:00,2025-12-24 19:06:34.160042+00:00,ORD993516
3P1917,P3,CLOSED,Partial order delivered,"Order had 3 items — only 1 was delivered, no communication about remaining items.",Delhi,2025-11-28 18:29:34.160042+00:00,2025-11-28 19:29:34.160042+00:00,ORD330203
2P1918,P2,OPEN,Prime same-day delivery missed,Customer in Bangalore was promised same-day delivery but order is still in 'processing' status at 8 PM.,Surat,2025-12-31 03:26:34.160042+00:00,,ORD578258
3P1919,P3,OPEN,Delivery agent unreachable for last mile,Agent number +91-98XXXXXX45 not answering calls/WhatsApp since yesterday.,Delhi,2026-01-09 06:40:34.160042+00:00,,ORD974539
3P1920,P3,OPEN,Damaged product delivered,Laptop sleeve arrived with torn packaging and visible scratch on product.,Hyderabad,2025-12-10 12:00:34.160042+00:00,,ORD289076
3P1921,P3,OPEN,Payment successful but order not confirmed,"₹1,499 deducted via UPI but order status stuck at 'payment pending' for 2 days.",Hyderabad,2026-02-03 00:01:34.160042+00:00,,ORD464333
2P1922,P2,OPEN,Prime same-day delivery missed,Customer in Bangalore was promised same-day delivery but order is still in 'processing' status at 8 PM.,Hyderabad,2025-12-13 11:30:34.160042+00:00,,ORD872950
1P1923,P1,CLOSED,Warehouse inventory mismatch – critical SKU,"Physical stock of emergency item XYZ789 is 0, but system shows 450 units.",Hyderabad,2026-01-07 14:42:34.160042+00:00,2026-01-07 15:12:34.160042+00:00,ORD400345
3P1924,P3,OPEN,Standard delivery running late by 4+ days,Order #875421 placed 7 days ago still shows 'out for delivery' status.,Chandigarh,2025-12-19 12:15:34.160042+00:00,,ORD199948
1P1925,P1,OPEN,Vendor dispatch system outage,Primary vendor's dispatch system crashed — no shipments processed in last 48 hours.,Chandigarh,2026-01-31 16:04:34.160042+00:00,,ORD498271
1P1926,P1,OPEN,Supplier stock-out on critical item,Vendor confirmed zero stock for product ABC123 (fast-moving category). No ETA available.,Bangalore,2026-02-08 02:54:34.160042+00:00,,ORD106089
2P1927,P2,CLOSED,Prime exclusive product out of stock after order,Order #9845123 for Prime-exclusive Echo Dot (new color) cancelled by system due to stock unavailability.,Mumbai,2025-12-22 07:28:34.160042+00:00,2025-12-22 11:28:34.160042+00:00,ORD723646
3P1928,P3,CLOSED,Damaged product delivered,Laptop sleeve arrived with torn packaging and visible scratch on product.,Hyderabad,2026-01-01 23:39:34.160042+00:00,2026-01-02 03:39:34.160042+00:00,ORD213526
1P1929,P1,OPEN,Critical supply chain failure,Entire lot of high-demand SKU XXXX-5678 has not reached the central warehouse. Expected arrival was 3 days ago. Impacts multiple cities.,Lucknow,2025-12-13 05:49:34.160042+00:00,,ORD381553
3P1930,P3,CLOSED,Standard delivery running late by 4+ days,Order #875421 placed 7 days ago still shows 'out for delivery' status.,Hyderabad,2025-12-29 14:14:34.160042+00:00,2025-12-31 14:14:34.160042+00:00,ORD439826
3P1931,P3,OPEN,Received completely wrong product,"Ordered Noise ColorFit Pro 5, received boAt Airdopes instead.",Mumbai,2025-12-01 07:54:34.160042+00:00,,ORD234737
2P1932,P2,OPEN,Prime early access deal item delayed,Item from Prime Early Access sale not shipped even after 72-hour window.,Lucknow,2025-12-05 20:58:34.160042+00:00,,ORD494311
3P1933,P3,CLOSED,Damaged product delivered,Laptop sleeve arrived with torn packaging and visible scratch on product.,Hyderabad,2025-12-15 01:25:34.160042+00:00,2025-12-16 01:25:34.160042+00:00,ORD493863
3P1934,P3,OPEN,Received completely wrong product,"Ordered Noise ColorFit Pro 5, received boAt Airdopes instead.",Indore,2025-12-30 05:25:34.160042+00:00,,ORD208491
1P1935,P1,OPEN,Supplier stock-out on critical item,Vendor confirmed zero stock for product ABC123 (fast-moving category). No ETA available.,Patna,2026-01-15 15:45:34.160042+00:00,,ORD255998
3P1936,P3,CLOSED,Partial order delivered,"Order had 3 items — only 1 was delivered, no communication about remaining items.",Chandigarh,2025-12-03 00:59:34.160042+00:00,2025-12-03 08:59:34.160042+00:00,ORD966385
2P1937,P2,CLOSED,Priority delivery partner no-show,"Prime Blue Dart slot booked, but delivery agent marked 'not reachable' three times.",Indore,2025-12-29 11:26:34.160042+00:00,2025-12-29 13:26:34.160042+00:00,ORD335684
3P1938,P3,OPEN,Received completely wrong product,"Ordered Noise ColorFit Pro 5, received boAt Airdopes instead.",Patna,2026-01-16 23:24:34.160042+00:00,,ORD611248
3P1939,P3,CLOSED,Delivery agent unreachable for last mile,Agent number +91-98XXXXXX45 not answering calls/WhatsApp since yesterday.,Pune,2025-12-30 02:36:34.160042+00:00,2025-12-30 04:36:34.160042+00:00,ORD261279
2P1940,P2,OPEN,Prime exclusive product out of stock after order,Order #9845123 for Prime-exclusive Echo Dot (new color) cancelled by system due to stock unavailability.,Hyderabad,2026-01-06 06:47:34.160042+00:00,,ORD786625
2P1941,P2,OPEN,Prime early access deal item delayed,Item from Prime Early Access sale not shipped even after 72-hour window.,Kolkata,2026-01-12 07:16:34.160042+00:00,,ORD591893
3P1942,P3,CLOSED,Standard delivery running late by 4+ days,Order #875421 placed 7 days ago still shows 'out for delivery' status.,Hyderabad,2025-12-19 05:10:34.160042+00:00,2025-12-19 07:10:34.160042+00:00,ORD828294
2P1943,P2,CLOSED,Prime early access deal item delayed,Item from Prime Early Access sale not shipped even after 72-hour window.,Hyderabad,2025-11-28 11:20:34.160042+00:00,2025-11-28 13:20:34.160042+00:00,ORD796677
1P1944,P1,CLOSED,Warehouse inventory mismatch – critical SKU,"Physical stock of emergency item XYZ789 is 0, but system shows 450 units.",Jaipur,2026-02-15 22:19:34.160042+00:00,2026-02-16 00:19:34.160042+00:00,ORD691761
3P1945,P3,OPEN,Standard delivery running late by 4+ days,Order #875421 placed 7 days ago still shows 'out for delivery' status.,Kolkata,2025-12-02 00:59:34.160042+00:00,,ORD211525
3P1946,P3,CLOSED,App crashed during payment – money deducted,App closed during Paytm payment flow. Money deducted but cart still active.,Bhopal,2026-01-15 01:07:34.160042+00:00,2026-01-15 05:07:34.160042+00:00,ORD319135
2P1947,P2,OPEN,Prime early access deal item delayed,Item from Prime Early Access sale not shipped even after 72-hour window.,Hyderabad,2026-02-13 22:51:34.160042+00:00,,ORD219294
2P1948,P2,OPEN,Prime early access deal item delayed,Item from Prime Early Access sale not shipped even after 72-hour window.,Chandigarh,2026-01-11 15:36:34.160042+00:00,,ORD387438
1P1949,P1,OPEN,Warehouse inventory mismatch – critical SKU,"Physical stock of emergency item XYZ789 is 0, but system shows 450 units.",Hyderabad,2026-02-07 16:18:34.160042+00:00,,ORD406133
3P1950,P3,OPEN,Payment successful but order not confirmed,"₹1,499 deducted via UPI but order status stuck at 'payment pending' for 2 days.",Pune,2026-02-10 11:47:34.160042+00:00,,ORD678917
1P1951,P1,OPEN,Critical supply chain failure,Entire lot of high-demand SKU XXXX-5678 has not reached the central warehouse. Expected arrival was 3 days ago. Impacts multiple cities.,Pune,2026-02-08 11:47:34.160042+00:00,,ORD888848
3P1952,P3,OPEN,Payment successful but order not confirmed,"₹1,499 deducted via UPI but order status stuck at 'payment pending' for 2 days.",Jaipur,2026-02-16 08:18:34.160042+00:00,,ORD802485
3P1953,P3,CLOSED,Received completely wrong product,"Ordered Noise ColorFit Pro 5, received boAt Airdopes instead.",Patna,2026-01-11 09:21:34.160042+00:00,2026-01-11 10:21:34.160042+00:00,ORD943489
2P1954,P2,CLOSED,Prime early access deal item delayed,Item from Prime Early Access sale not shipped even after 72-hour window.,Hyderabad,2025-12-17 08:10:34.160042+00:00,2025-12-17 12:10:34.160042+00:00,ORD134023
3P1955,P3,OPEN,Partial order delivered,"Order had 3 items — only 1 was delivered, no communication about remaining items.",Hyderabad,2025-12-16 13:57:34.160042+00:00,,ORD677658
3P1956,P3,OPEN,Delivery agent unreachable for last mile,Agent number +91-98XXXXXX45 not answering calls/WhatsApp since yesterday.,Surat,2026-02-10 11:33:34.160042+00:00,,ORD646230
3P1957,P3,OPEN,Partial order delivered,"Order had 3 items — only 1 was delivered, no communication about remaining items.",Hyderabad,2026-01-21 05:58:34.160042+00:00,,ORD709730
2P1958,P2,CLOSED,Prime early access deal item delayed,Item from Prime Early Access sale not shipped even after 72-hour window.,Bhopal,2026-01-22 20:08:34.160042+00:00,2026-01-22 20:38:34.160042+00:00,ORD814872
2P1959,P2,CLOSED,Prime exclusive product out of stock after order,Order #9845123 for Prime-exclusive Echo Dot (new color) cancelled by system due to stock unavailability.,Hyderabad,2025-12-02 03:10:34.160042+00:00,2025-12-02 05:10:34.160042+00:00,ORD282308
3P1960,P3,CLOSED,Partial order delivered,"Order had 3 items — only 1 was delivered, no communication about remaining items.",Mumbai,2026-02-03 04:56:34.160042+00:00,2026-02-03 05:56:34.160042+00:00,ORD708360
2P1961,P2,CLOSED,Priority delivery partner no-show,"Prime Blue Dart slot booked, but delivery agent marked 'not reachable' three times.",Surat,2026-01-24 21:06:34.160042+00:00,2026-01-24 21:36:34.160042+00:00,ORD402278
2P1962,P2,CLOSED,Refund not credited within 1 business day,Prime member eligible for instant refund — amount deducted but not credited back after 36 hours.,Chandigarh,2026-02-03 21:51:34.160042+00:00,2026-02-04 01:51:34.160042+00:00,ORD624984
3P1963,P3,CLOSED,Delivery agent unreachable for last mile,Agent number +91-98XXXXXX45 not answering calls/WhatsApp since yesterday.,Hyderabad,2025-12-08 18:03:34.160042+00:00,2025-12-08 19:03:34.160042+00:00,ORD873326
3P1964,P3,CLOSED,Payment successful but order not confirmed,"₹1,499 deducted via UPI but order status stuck at 'payment pending' for 2 days.",Pune,2025-11-28 01:01:34.160042+00:00,2025-11-28 02:01:34.160042+00:00,ORD160148
3P1965,P3,OPEN,Standard delivery running late by 4+ days,Order #875421 placed 7 days ago still shows 'out for delivery' status.,Pune,2026-01-19 20:34:34.160042+00:00,,ORD513038
1P1966,P1,CLOSED,Critical supply chain failure,Entire lot of high-demand SKU XXXX-5678 has not reached the central warehouse. Expected arrival was 3 days ago. Impacts multiple cities.,Hyderabad,2026-01-15 01:51:34.160042+00:00,2026-01-15 09:51:34.160042+00:00,ORD999824
1P1967,P1,CLOSED,Supplier stock-out on critical item,Vendor confirmed zero stock for product ABC123 (fast-moving category). No ETA available.,Delhi,2025-12-24 22:43:34.160042+00:00,2025-12-25 00:43:34.160042+00:00,ORD586733
3P1968,P3,CLOSED,Received completely wrong product,"Ordered Noise ColorFit Pro 5, received boAt Airdopes instead.",Hyderabad,2026-01-02 23:21:34.160042+00:00,2026-01-03 07:21:34.160042+00:00,ORD582278
1P1969,P1,OPEN,Supplier stock-out on critical item,Vendor confirmed zero stock for product ABC123 (fast-moving category). No ETA available.,Hyderabad,2026-01-01 20:31:34.160042+00:00,,ORD107377
3P1970,P3,CLOSED,Damaged product delivered,Laptop sleeve arrived with torn packaging and visible scratch on product.,Delhi,2025-12-05 14:10:34.160042+00:00,2025-12-05 18:10:34.160042+00:00,ORD534766
3P1971,P3,OPEN,Standard delivery running late by 4+ days,Order #875421 placed 7 days ago still shows 'out for delivery' status.,Hyderabad,2025-11-30 11:13:34.160042+00:00,,ORD636989
3P1972,P3,OPEN,Received completely wrong product,"Ordered Noise ColorFit Pro 5, received boAt Airdopes instead.",Hyderabad,2025-12-15 08:22:34.160042+00:00,,ORD299910
3P1973,P3,OPEN,Received completely wrong product,"Ordered Noise ColorFit Pro 5, received boAt Airdopes instead.",Kolkata,2025-11-30 13:53:34.160042+00:00,,ORD159402
3P1974,P3,CLOSED,Delivery agent unreachable for last mile,Agent number +91-98XXXXXX45 not answering calls/WhatsApp since yesterday.,Kolkata,2026-02-13 23:52:34.160042+00:00,2026-02-14 01:52:34.160042+00:00,ORD183850
3P1975,P3,OPEN,Payment successful but order not confirmed,"₹1,499 deducted via UPI but order status stuck at 'payment pending' for 2 days.",Hyderabad,2025-12-11 12:31:34.160042+00:00,,ORD837431
2P1976,P2,CLOSED,Prime same-day delivery missed,Customer in Bangalore was promised same-day delivery but order is still in 'processing' status at 8 PM.,Kolkata,2026-01-12 01:44:34.160042+00:00,2026-01-12 03:44:34.160042+00:00,ORD114459
3P1977,P3,OPEN,Payment successful but order not confirmed,"₹1,499 deducted via UPI but order status stuck at 'payment pending' for 2 days.",Hyderabad,2026-01-20 11:37:34.160042+00:00,,ORD668146
2P1978,P2,CLOSED,Prime early access deal item delayed,Item from Prime Early Access sale not shipped even after 72-hour window.,Pune,2025-12-11 19:05:34.160042+00:00,2025-12-11 19:35:34.160042+00:00,ORD520481
2P1979,P2,CLOSED,Prime early access deal item delayed,Item from Prime Early Access sale not shipped even after 72-hour window.,Hyderabad,2026-02-19 04:59:34.160042+00:00,2026-02-19 12:59:34.160042+00:00,ORD782660
3P1980,P3,CLOSED,App crashed during payment – money deducted,App closed during Paytm payment flow. Money deducted but cart still active.,Hyderabad,2026-02-12 17:55:34.160042+00:00,2026-02-15 17:55:34.160042+00:00,ORD660054
3P1981,P3,OPEN,Payment successful but order not confirmed,"₹1,499 deducted via UPI but order status stuck at 'payment pending' for 2 days.",Kolkata,2025-12-05 22:59:34.160042+00:00,,ORD669955
2P1982,P2,CLOSED,Priority delivery partner no-show,"Prime Blue Dart slot booked, but delivery agent marked 'not reachable' three times.",Surat,2026-01-03 05:20:34.160042+00:00,2026-01-03 07:20:34.160042+00:00,ORD301238
3P1983,P3,CLOSED,Received completely wrong product,"Ordered Noise ColorFit Pro 5, received boAt Airdopes instead.",Patna,2026-01-14 21:22:34.160042+00:00,2026-01-14 23:22:34.160042+00:00,ORD318890
3P1984,P3,CLOSED,App crashed during payment – money deducted,App closed during Paytm payment flow. Money deducted but cart still active.,Chandigarh,2025-12-30 11:38:34.160042+00:00,2025-12-30 12:38:34.160042+00:00,ORD938339
2P1985,P2,CLOSED,Refund not credited within 1 business day,Prime member eligible for instant refund — amount deducted but not credited back after 36 hours.,Pune,2025-12-14 16:55:34.160042+00:00,2025-12-14 17:55:34.160042+00:00,ORD934998
3P1986,P3,CLOSED,Delivery agent unreachable for last mile,Agent number +91-98XXXXXX45 not answering calls/WhatsApp since yesterday.,Hyderabad,2026-01-19 15:24:34.160042+00:00,2026-01-21 15:24:34.160042+00:00,ORD697899
3P1987,P3,CLOSED,App crashed during payment – money deducted,App closed during Paytm payment flow. Money deducted but cart still active.,Hyderabad,2025-11-27 22:14:34.160042+00:00,2025-11-27 23:14:34.160042+00:00,ORD459018
3P1988,P3,OPEN,Delivery agent unreachable for last mile,Agent number +91-98XXXXXX45 not answering calls/WhatsApp since yesterday.,Delhi,2025-12-22 18:20:34.160042+00:00,,ORD485308
2P1989,P2,CLOSED,Priority delivery partner no-show,"Prime Blue Dart slot booked, but delivery agent marked 'not reachable' three times.",Jaipur,2025-12-24 23:25:34.160042+00:00,2025-12-25 00:25:34.160042+00:00,ORD542160
3P1990,P3,CLOSED,Partial order delivered,"Order had 3 items — only 1 was delivered, no communication about remaining items.",Delhi,2026-01-25 14:39:34.160042+00:00,2026-01-26 14:39:34.160042+00:00,ORD971465
3P1991,P3,OPEN,Payment successful but order not confirmed,"₹1,499 deducted via UPI but order status stuck at 'payment pending' for 2 days.",Kolkata,2026-02-04 08:32:34.160042+00:00,,ORD806162
3P1992,P3,OPEN,Delivery agent unreachable for last mile,Agent number +91-98XXXXXX45 not answering calls/WhatsApp since yesterday.,Kolkata,2026-01-29 09:59:34.160042+00:00,,ORD619312
1P1993,P1,OPEN,Bulk shipment stuck at customs,"Container with 12,000 units delayed at Nhava Sheva port due to documentation mismatch.",Hyderabad,2025-12-31 08:16:34.160042+00:00,,ORD867807
3P1994,P3,OPEN,Partial order delivered,"Order had 3 items — only 1 was delivered, no communication about remaining items.",Mumbai,2025-11-24 02:53:34.160042+00:00,,ORD901698
3P1995,P3,OPEN,Received completely wrong product,"Ordered Noise ColorFit Pro 5, received boAt Airdopes instead.",Delhi,2025-12-05 10:00:34.160042+00:00,,ORD342991
3P1996,P3,OPEN,Payment successful but order not confirmed,"₹1,499 deducted via UPI but order status stuck at 'payment pending' for 2 days.",Surat,2025-12-31 20:59:34.160042+00:00,,ORD907070
3P1997,P3,CLOSED,App crashed during payment – money deducted,App closed during Paytm payment flow. Money deducted but cart still active.,Chennai,2026-01-23 04:43:34.160042+00:00,2026-01-23 05:13:34.160042+00:00,ORD809865
3P1998,P3,CLOSED,Standard delivery running late by 4+ days,Order #875421 placed 7 days ago still shows 'out for delivery' status.,Indore,2025-12-11 10:20:34.160042+00:00,2025-12-11 11:20:34.160042+00:00,ORD138555
3P1999,P3,CLOSED,Payment successful but order not confirmed,"₹1,499 deducted via UPI but order status stuck at 'payment pending' for 2 days.",Hyderabad,2026-02-15 02:24:34.160042+00:00,2026-02-15 06:24:34.160042+00:00,ORD708785
